unit,unit_label,geo,geo_label,period,value,flag
MIO_PKM,Millions of passenger-kilometres,AT,Austria,2004,8274,
MIO_PKM,Millions of passenger-kilometres,AT,Austria,2005,8685,
MIO_PKM,Millions of passenger-kilometres,AT,Austria,2006,8907,
MIO_PKM,Millions of passenger-kilometres,AT,Austria,2007,9167,
MIO_PKM,Millions of passenger-kilometres,AT,Austria,2008,10365,
MIO_PKM,Millions of passenger-kilometres,AT,Austria,2009,10184,
MIO_PKM,Millions of passenger-kilometres,AT,Austria,2010,10263,
MIO_PKM,Millions of passenger-kilometres,AT,Austria,2011,10778,
MIO_PKM,Millions of passenger-kilometres,AT,Austria,2012,11211,
MIO_PKM,Millions of passenger-kilometres,AT,Austria,2013,11804,
MIO_PKM,Millions of passenger-kilometres,AT,Austria,2014,11981,
MIO_PKM,Millions of passenger-kilometres,AT,Austria,2015,12104,
MIO_PKM,Millions of passenger-kilometres,AT,Austria,2016,12497,
MIO_PKM,Millions of passenger-kilometres,AT,Austria,2017,12562,
MIO_PKM,Millions of passenger-kilometres,AT,Austria,2018,13122,
MIO_PKM,Millions of passenger-kilometres,AT,Austria,2019,13252,
MIO_PKM,Millions of passenger-kilometres,AT,Austria,2020,7375,
MIO_PKM,Millions of passenger-kilometres,AT,Austria,2021,8447,
MIO_PKM,Millions of passenger-kilometres,AT,Austria,2022,12855,
MIO_PKM,Millions of passenger-kilometres,AT,Austria,2023,14435,
MIO_PKM,Millions of passenger-kilometres,AT,Austria,2024,14842,
MIO_PKM,Millions of passenger-kilometres,BA,Bosnia and Herzegovina,2014,35,
MIO_PKM,Millions of passenger-kilometres,BA,Bosnia and Herzegovina,2015,34,
MIO_PKM,Millions of passenger-kilometres,BA,Bosnia and Herzegovina,2016,24,
MIO_PKM,Millions of passenger-kilometres,BA,Bosnia and Herzegovina,2017,29,
MIO_PKM,Millions of passenger-kilometres,BA,Bosnia and Herzegovina,2018,39,
MIO_PKM,Millions of passenger-kilometres,BA,Bosnia and Herzegovina,2019,56,
MIO_PKM,Millions of passenger-kilometres,BA,Bosnia and Herzegovina,2020,14,
MIO_PKM,Millions of passenger-kilometres,BA,Bosnia and Herzegovina,2021,18,
MIO_PKM,Millions of passenger-kilometres,BA,Bosnia and Herzegovina,2022,31,
MIO_PKM,Millions of passenger-kilometres,BA,Bosnia and Herzegovina,2023,34,
MIO_PKM,Millions of passenger-kilometres,BA,Bosnia and Herzegovina,2024,30,
MIO_PKM,Millions of passenger-kilometres,BE,Belgium,2004,9225,
MIO_PKM,Millions of passenger-kilometres,BE,Belgium,2005,8510,
MIO_PKM,Millions of passenger-kilometres,BE,Belgium,2006,8964,
MIO_PKM,Millions of passenger-kilometres,BE,Belgium,2007,9403,
MIO_PKM,Millions of passenger-kilometres,BE,Belgium,2008,10139,
MIO_PKM,Millions of passenger-kilometres,BE,Belgium,2009,10237,
MIO_PKM,Millions of passenger-kilometres,BE,Belgium,2010,10498,
MIO_PKM,Millions of passenger-kilometres,BE,Belgium,2011,10669,
MIO_PKM,Millions of passenger-kilometres,BG,Bulgaria,2006,2411,
MIO_PKM,Millions of passenger-kilometres,BG,Bulgaria,2007,2404,
MIO_PKM,Millions of passenger-kilometres,BG,Bulgaria,2008,2317,
MIO_PKM,Millions of passenger-kilometres,BG,Bulgaria,2009,2138,
MIO_PKM,Millions of passenger-kilometres,BG,Bulgaria,2010,2090,
MIO_PKM,Millions of passenger-kilometres,BG,Bulgaria,2011,2059,
MIO_PKM,Millions of passenger-kilometres,BG,Bulgaria,2012,1870,
MIO_PKM,Millions of passenger-kilometres,BG,Bulgaria,2013,1821,
MIO_PKM,Millions of passenger-kilometres,BG,Bulgaria,2014,1698,
MIO_PKM,Millions of passenger-kilometres,BG,Bulgaria,2015,1549,
MIO_PKM,Millions of passenger-kilometres,BG,Bulgaria,2016,1455,
MIO_PKM,Millions of passenger-kilometres,BG,Bulgaria,2017,1434,
MIO_PKM,Millions of passenger-kilometres,BG,Bulgaria,2018,1476,
MIO_PKM,Millions of passenger-kilometres,BG,Bulgaria,2019,1520,
MIO_PKM,Millions of passenger-kilometres,BG,Bulgaria,2020,1118,
MIO_PKM,Millions of passenger-kilometres,BG,Bulgaria,2021,1203,
MIO_PKM,Millions of passenger-kilometres,BG,Bulgaria,2022,1600,
MIO_PKM,Millions of passenger-kilometres,BG,Bulgaria,2023,1592,
MIO_PKM,Millions of passenger-kilometres,BG,Bulgaria,2024,1498,
MIO_PKM,Millions of passenger-kilometres,BG,Bulgaria,2025,1456,
MIO_PKM,Millions of passenger-kilometres,CH,Switzerland,2008,17699,
MIO_PKM,Millions of passenger-kilometres,CH,Switzerland,2009,18497,
MIO_PKM,Millions of passenger-kilometres,CH,Switzerland,2010,19093,
MIO_PKM,Millions of passenger-kilometres,CH,Switzerland,2011,19387,
MIO_PKM,Millions of passenger-kilometres,CH,Switzerland,2012,19180,
MIO_PKM,Millions of passenger-kilometres,CH,Switzerland,2013,19368,
MIO_PKM,Millions of passenger-kilometres,CH,Switzerland,2014,19934,
MIO_PKM,Millions of passenger-kilometres,CH,Switzerland,2015,20228,
MIO_PKM,Millions of passenger-kilometres,CH,Switzerland,2016,20657,
MIO_PKM,Millions of passenger-kilometres,CH,Switzerland,2017,20707,
MIO_PKM,Millions of passenger-kilometres,CH,Switzerland,2018,20451,
MIO_PKM,Millions of passenger-kilometres,CH,Switzerland,2019,21559,
MIO_PKM,Millions of passenger-kilometres,CH,Switzerland,2020,13261,
MIO_PKM,Millions of passenger-kilometres,CH,Switzerland,2021,14223,
MIO_PKM,Millions of passenger-kilometres,CH,Switzerland,2022,19201,
MIO_PKM,Millions of passenger-kilometres,CH,Switzerland,2023,22093,
MIO_PKM,Millions of passenger-kilometres,CH,Switzerland,2024,22796,
MIO_PKM,Millions of passenger-kilometres,CH,Switzerland,2025,23522,
MIO_PKM,Millions of passenger-kilometres,CZ,Czechia,2004,6580,
MIO_PKM,Millions of passenger-kilometres,CZ,Czechia,2005,6667,
MIO_PKM,Millions of passenger-kilometres,CZ,Czechia,2006,6922,
MIO_PKM,Millions of passenger-kilometres,CZ,Czechia,2007,6898,
MIO_PKM,Millions of passenger-kilometres,CZ,Czechia,2008,6773,
MIO_PKM,Millions of passenger-kilometres,CZ,Czechia,2009,6472,
MIO_PKM,Millions of passenger-kilometres,CZ,Czechia,2010,6559,
MIO_PKM,Millions of passenger-kilometres,CZ,Czechia,2011,6669,
MIO_PKM,Millions of passenger-kilometres,CZ,Czechia,2012,7196,
MIO_PKM,Millions of passenger-kilometres,CZ,Czechia,2013,7512,
MIO_PKM,Millions of passenger-kilometres,CZ,Czechia,2014,7644,
MIO_PKM,Millions of passenger-kilometres,CZ,Czechia,2015,8125,
MIO_PKM,Millions of passenger-kilometres,CZ,Czechia,2016,8738,
MIO_PKM,Millions of passenger-kilometres,CZ,Czechia,2017,9403,
MIO_PKM,Millions of passenger-kilometres,CZ,Czechia,2018,10220,
MIO_PKM,Millions of passenger-kilometres,CZ,Czechia,2019,10856,
MIO_PKM,Millions of passenger-kilometres,CZ,Czechia,2020,6623,
MIO_PKM,Millions of passenger-kilometres,CZ,Czechia,2021,6752,
MIO_PKM,Millions of passenger-kilometres,CZ,Czechia,2022,9394,
MIO_PKM,Millions of passenger-kilometres,CZ,Czechia,2023,9996,
MIO_PKM,Millions of passenger-kilometres,CZ,Czechia,2024,10294,
MIO_PKM,Millions of passenger-kilometres,CZ,Czechia,2025,10569,
MIO_PKM,Millions of passenger-kilometres,DE,Germany,2004,75903,
MIO_PKM,Millions of passenger-kilometres,DE,Germany,2005,74944,
MIO_PKM,Millions of passenger-kilometres,DE,Germany,2006,78735,
MIO_PKM,Millions of passenger-kilometres,DE,Germany,2007,79098,
MIO_PKM,Millions of passenger-kilometres,DE,Germany,2008,82428,
MIO_PKM,Millions of passenger-kilometres,DE,Germany,2009,81206,
MIO_PKM,Millions of passenger-kilometres,DE,Germany,2010,82837,
MIO_PKM,Millions of passenger-kilometres,DE,Germany,2011,89316,
MIO_PKM,Millions of passenger-kilometres,DE,Germany,2012,93918,
MIO_PKM,Millions of passenger-kilometres,DE,Germany,2013,89450,
MIO_PKM,Millions of passenger-kilometres,DE,Germany,2014,90978,
MIO_PKM,Millions of passenger-kilometres,DE,Germany,2015,91050,
MIO_PKM,Millions of passenger-kilometres,DE,Germany,2016,95465,
MIO_PKM,Millions of passenger-kilometres,DE,Germany,2017,95529,
MIO_PKM,Millions of passenger-kilometres,DE,Germany,2018,98161,
MIO_PKM,Millions of passenger-kilometres,DE,Germany,2019,100252,
MIO_PKM,Millions of passenger-kilometres,DE,Germany,2020,57787,
MIO_PKM,Millions of passenger-kilometres,DE,Germany,2021,57518,
MIO_PKM,Millions of passenger-kilometres,DE,Germany,2022,92313,
MIO_PKM,Millions of passenger-kilometres,DE,Germany,2023,101408,
MIO_PKM,Millions of passenger-kilometres,DE,Germany,2024,109135,
MIO_PKM,Millions of passenger-kilometres,DE,Germany,2025,111764,
MIO_PKM,Millions of passenger-kilometres,DK,Denmark,2004,5921,
MIO_PKM,Millions of passenger-kilometres,DK,Denmark,2005,5961,
MIO_PKM,Millions of passenger-kilometres,DK,Denmark,2006,6097,
MIO_PKM,Millions of passenger-kilometres,DK,Denmark,2007,6163,
MIO_PKM,Millions of passenger-kilometres,DK,Denmark,2008,6267,
MIO_PKM,Millions of passenger-kilometres,DK,Denmark,2009,6161,
MIO_PKM,Millions of passenger-kilometres,DK,Denmark,2010,6341,
MIO_PKM,Millions of passenger-kilometres,DK,Denmark,2011,6605,
MIO_PKM,Millions of passenger-kilometres,DK,Denmark,2012,6744,
MIO_PKM,Millions of passenger-kilometres,DK,Denmark,2013,6785,
MIO_PKM,Millions of passenger-kilometres,DK,Denmark,2014,6513,
MIO_PKM,Millions of passenger-kilometres,DK,Denmark,2015,6507,
MIO_PKM,Millions of passenger-kilometres,DK,Denmark,2016,6332,
MIO_PKM,Millions of passenger-kilometres,DK,Denmark,2017,6280,
MIO_PKM,Millions of passenger-kilometres,DK,Denmark,2018,6182,
MIO_PKM,Millions of passenger-kilometres,DK,Denmark,2019,6174,
MIO_PKM,Millions of passenger-kilometres,DK,Denmark,2020,3940,
MIO_PKM,Millions of passenger-kilometres,DK,Denmark,2021,4181,
MIO_PKM,Millions of passenger-kilometres,DK,Denmark,2022,5822,
MIO_PKM,Millions of passenger-kilometres,DK,Denmark,2023,6031,
MIO_PKM,Millions of passenger-kilometres,DK,Denmark,2024,6481,
MIO_PKM,Millions of passenger-kilometres,DK,Denmark,2025,6752,
MIO_PKM,Millions of passenger-kilometres,EE,Estonia,2004,193,
MIO_PKM,Millions of passenger-kilometres,EE,Estonia,2005,248,
MIO_PKM,Millions of passenger-kilometres,EE,Estonia,2006,257,
MIO_PKM,Millions of passenger-kilometres,EE,Estonia,2007,274,
MIO_PKM,Millions of passenger-kilometres,EE,Estonia,2008,274,
MIO_PKM,Millions of passenger-kilometres,EE,Estonia,2009,249,
MIO_PKM,Millions of passenger-kilometres,EE,Estonia,2010,247,
MIO_PKM,Millions of passenger-kilometres,EE,Estonia,2011,243,
MIO_PKM,Millions of passenger-kilometres,EE,Estonia,2012,235,
MIO_PKM,Millions of passenger-kilometres,EE,Estonia,2013,223,
MIO_PKM,Millions of passenger-kilometres,EE,Estonia,2014,280,
MIO_PKM,Millions of passenger-kilometres,EE,Estonia,2015,286,
MIO_PKM,Millions of passenger-kilometres,EE,Estonia,2016,316,
MIO_PKM,Millions of passenger-kilometres,EE,Estonia,2017,366,
MIO_PKM,Millions of passenger-kilometres,EE,Estonia,2018,417,
MIO_PKM,Millions of passenger-kilometres,EE,Estonia,2019,392,
MIO_PKM,Millions of passenger-kilometres,EE,Estonia,2020,263,
MIO_PKM,Millions of passenger-kilometres,EE,Estonia,2021,290,
MIO_PKM,Millions of passenger-kilometres,EE,Estonia,2022,382,
MIO_PKM,Millions of passenger-kilometres,EE,Estonia,2023,408,
MIO_PKM,Millions of passenger-kilometres,EE,Estonia,2024,385,
MIO_PKM,Millions of passenger-kilometres,EE,Estonia,2025,343,
MIO_PKM,Millions of passenger-kilometres,EL,Greece,2004,1668,
MIO_PKM,Millions of passenger-kilometres,EL,Greece,2005,1854,
MIO_PKM,Millions of passenger-kilometres,EL,Greece,2006,1811,
MIO_PKM,Millions of passenger-kilometres,EL,Greece,2007,1930,
MIO_PKM,Millions of passenger-kilometres,EL,Greece,2008,1657,
MIO_PKM,Millions of passenger-kilometres,EL,Greece,2009,1467,
MIO_PKM,Millions of passenger-kilometres,EL,Greece,2010,1383,
MIO_PKM,Millions of passenger-kilometres,EL,Greece,2011,958,
MIO_PKM,Millions of passenger-kilometres,EL,Greece,2012,832,
MIO_PKM,Millions of passenger-kilometres,EL,Greece,2013,1056,
MIO_PKM,Millions of passenger-kilometres,EL,Greece,2014,1072,
MIO_PKM,Millions of passenger-kilometres,EL,Greece,2015,1263,
MIO_PKM,Millions of passenger-kilometres,EL,Greece,2016,1192,
MIO_PKM,Millions of passenger-kilometres,EL,Greece,2017,1112,
MIO_PKM,Millions of passenger-kilometres,EL,Greece,2018,1104,
MIO_PKM,Millions of passenger-kilometres,EL,Greece,2019,1252,
MIO_PKM,Millions of passenger-kilometres,EL,Greece,2020,640,
MIO_PKM,Millions of passenger-kilometres,EL,Greece,2021,653,
MIO_PKM,Millions of passenger-kilometres,EL,Greece,2022,1117,
MIO_PKM,Millions of passenger-kilometres,EL,Greece,2023,673,
MIO_PKM,Millions of passenger-kilometres,EL,Greece,2024,727,
MIO_PKM,Millions of passenger-kilometres,EL,Greece,2025,718,
MIO_PKM,Millions of passenger-kilometres,ES,Spain,2004,20328,
MIO_PKM,Millions of passenger-kilometres,ES,Spain,2005,21151,
MIO_PKM,Millions of passenger-kilometres,ES,Spain,2006,21620,
MIO_PKM,Millions of passenger-kilometres,ES,Spain,2007,21362,
MIO_PKM,Millions of passenger-kilometres,ES,Spain,2008,23453,
MIO_PKM,Millions of passenger-kilometres,ES,Spain,2009,23055,
MIO_PKM,Millions of passenger-kilometres,ES,Spain,2010,22343,
MIO_PKM,Millions of passenger-kilometres,ES,Spain,2011,22931,
MIO_PKM,Millions of passenger-kilometres,ES,Spain,2012,22446,
MIO_PKM,Millions of passenger-kilometres,ES,Spain,2013,23755,
MIO_PKM,Millions of passenger-kilometres,ES,Spain,2014,25034,
MIO_PKM,Millions of passenger-kilometres,ES,Spain,2015,26108,
MIO_PKM,Millions of passenger-kilometres,ES,Spain,2016,26646,
MIO_PKM,Millions of passenger-kilometres,ES,Spain,2017,27490,
MIO_PKM,Millions of passenger-kilometres,ES,Spain,2018,28420,
MIO_PKM,Millions of passenger-kilometres,ES,Spain,2019,28847,
MIO_PKM,Millions of passenger-kilometres,ES,Spain,2020,12060,
MIO_PKM,Millions of passenger-kilometres,ES,Spain,2021,17002,
MIO_PKM,Millions of passenger-kilometres,ES,Spain,2022,27489,
MIO_PKM,Millions of passenger-kilometres,ES,Spain,2023,34632,
MIO_PKM,Millions of passenger-kilometres,ES,Spain,2024,38038,
MIO_PKM,Millions of passenger-kilometres,ES,Spain,2025,38274,
MIO_PKM,Millions of passenger-kilometres,EU27_2007,European Union - 27 countries (2007-2013),2006,388154,
MIO_PKM,Millions of passenger-kilometres,EU27_2007,European Union - 27 countries (2007-2013),2007,395465,
MIO_PKM,Millions of passenger-kilometres,EU27_2007,European Union - 27 countries (2007-2013),2011,420384,
MIO_PKM,Millions of passenger-kilometres,EU27_2007,European Union - 27 countries (2007-2013),2018,467983,
MIO_PKM,Millions of passenger-kilometres,EU27_2007,European Union - 27 countries (2007-2013),2019,483301,
MIO_PKM,Millions of passenger-kilometres,EU27_2020,European Union - 27 countries (from 2020),2006,342179,
MIO_PKM,Millions of passenger-kilometres,EU27_2020,European Union - 27 countries (from 2020),2007,346565,
MIO_PKM,Millions of passenger-kilometres,EU27_2020,European Union - 27 countries (from 2020),2011,363380,
MIO_PKM,Millions of passenger-kilometres,EU27_2020,European Union - 27 countries (from 2020),2018,399024,
MIO_PKM,Millions of passenger-kilometres,EU27_2020,European Union - 27 countries (from 2020),2019,412202,
MIO_PKM,Millions of passenger-kilometres,EU27_2020,European Union - 27 countries (from 2020),2020,221836,
MIO_PKM,Millions of passenger-kilometres,EU27_2020,European Union - 27 countries (from 2020),2021,256210,
MIO_PKM,Millions of passenger-kilometres,EU27_2020,European Union - 27 countries (from 2020),2022,386741,
MIO_PKM,Millions of passenger-kilometres,EU27_2020,European Union - 27 countries (from 2020),2023,429575,
MIO_PKM,Millions of passenger-kilometres,EU28,European Union - 28 countries (2013-2020),2006,389477,
MIO_PKM,Millions of passenger-kilometres,EU28,European Union - 28 countries (2013-2020),2007,397038,
MIO_PKM,Millions of passenger-kilometres,EU28,European Union - 28 countries (2013-2020),2011,421841,
MIO_PKM,Millions of passenger-kilometres,EU28,European Union - 28 countries (2013-2020),2018,468730,
MIO_PKM,Millions of passenger-kilometres,EU28,European Union - 28 countries (2013-2020),2019,484025,
MIO_PKM,Millions of passenger-kilometres,FI,Finland,2004,3352,
MIO_PKM,Millions of passenger-kilometres,FI,Finland,2005,3478,
MIO_PKM,Millions of passenger-kilometres,FI,Finland,2006,3540,
MIO_PKM,Millions of passenger-kilometres,FI,Finland,2007,3778,
MIO_PKM,Millions of passenger-kilometres,FI,Finland,2008,4052,
MIO_PKM,Millions of passenger-kilometres,FI,Finland,2009,3876,
MIO_PKM,Millions of passenger-kilometres,FI,Finland,2010,3959,
MIO_PKM,Millions of passenger-kilometres,FI,Finland,2011,3882,
MIO_PKM,Millions of passenger-kilometres,FI,Finland,2012,4035,
MIO_PKM,Millions of passenger-kilometres,FI,Finland,2013,4053,
MIO_PKM,Millions of passenger-kilometres,FI,Finland,2014,3874,
MIO_PKM,Millions of passenger-kilometres,FI,Finland,2015,4114,
MIO_PKM,Millions of passenger-kilometres,FI,Finland,2016,3868,
MIO_PKM,Millions of passenger-kilometres,FI,Finland,2017,4271,
MIO_PKM,Millions of passenger-kilometres,FI,Finland,2018,4535,
MIO_PKM,Millions of passenger-kilometres,FI,Finland,2019,4924,
MIO_PKM,Millions of passenger-kilometres,FI,Finland,2020,2820,
MIO_PKM,Millions of passenger-kilometres,FI,Finland,2021,2903,
MIO_PKM,Millions of passenger-kilometres,FI,Finland,2022,4572,
MIO_PKM,Millions of passenger-kilometres,FI,Finland,2023,5199,
MIO_PKM,Millions of passenger-kilometres,FI,Finland,2024,5436,
MIO_PKM,Millions of passenger-kilometres,FI,Finland,2025,5428,
MIO_PKM,Millions of passenger-kilometres,FR,France,2004,74359,
MIO_PKM,Millions of passenger-kilometres,FR,France,2005,76884,
MIO_PKM,Millions of passenger-kilometres,FR,France,2006,79809,
MIO_PKM,Millions of passenger-kilometres,FR,France,2007,81961,
MIO_PKM,Millions of passenger-kilometres,FR,France,2008,86516,
MIO_PKM,Millions of passenger-kilometres,FR,France,2009,88610,
MIO_PKM,Millions of passenger-kilometres,FR,France,2012,91205,
MIO_PKM,Millions of passenger-kilometres,FR,France,2013,90485,
MIO_PKM,Millions of passenger-kilometres,FR,France,2014,89499,
MIO_PKM,Millions of passenger-kilometres,FR,France,2015,91377,
MIO_PKM,Millions of passenger-kilometres,FR,France,2016,91832,
MIO_PKM,Millions of passenger-kilometres,FR,France,2017,92331,
MIO_PKM,Millions of passenger-kilometres,FR,France,2018,89186,
MIO_PKM,Millions of passenger-kilometres,FR,France,2019,93504,
MIO_PKM,Millions of passenger-kilometres,FR,France,2020,53926,
MIO_PKM,Millions of passenger-kilometres,FR,France,2021,70481,
MIO_PKM,Millions of passenger-kilometres,FR,France,2022,95635,
MIO_PKM,Millions of passenger-kilometres,FR,France,2023,101316,
MIO_PKM,Millions of passenger-kilometres,FR,France,2024,107346,
MIO_PKM,Millions of passenger-kilometres,FR,France,2025,110618,
MIO_PKM,Millions of passenger-kilometres,HR,Croatia,2004,1169,
MIO_PKM,Millions of passenger-kilometres,HR,Croatia,2005,1227,
MIO_PKM,Millions of passenger-kilometres,HR,Croatia,2006,1322,
MIO_PKM,Millions of passenger-kilometres,HR,Croatia,2007,1573,
MIO_PKM,Millions of passenger-kilometres,HR,Croatia,2008,1769,
MIO_PKM,Millions of passenger-kilometres,HR,Croatia,2009,1802,
MIO_PKM,Millions of passenger-kilometres,HR,Croatia,2010,1711,
MIO_PKM,Millions of passenger-kilometres,HR,Croatia,2011,1457,
MIO_PKM,Millions of passenger-kilometres,HR,Croatia,2012,1080,
MIO_PKM,Millions of passenger-kilometres,HR,Croatia,2013,935,
MIO_PKM,Millions of passenger-kilometres,HR,Croatia,2014,917,
MIO_PKM,Millions of passenger-kilometres,HR,Croatia,2015,941,
MIO_PKM,Millions of passenger-kilometres,HR,Croatia,2016,827,
MIO_PKM,Millions of passenger-kilometres,HR,Croatia,2017,736,
MIO_PKM,Millions of passenger-kilometres,HR,Croatia,2018,747,
MIO_PKM,Millions of passenger-kilometres,HR,Croatia,2019,724,
MIO_PKM,Millions of passenger-kilometres,HR,Croatia,2020,448,
MIO_PKM,Millions of passenger-kilometres,HR,Croatia,2021,538,
MIO_PKM,Millions of passenger-kilometres,HR,Croatia,2022,812,
MIO_PKM,Millions of passenger-kilometres,HR,Croatia,2023,1142,
MIO_PKM,Millions of passenger-kilometres,HR,Croatia,2024,1148,
MIO_PKM,Millions of passenger-kilometres,HR,Croatia,2025,1229,
MIO_PKM,Millions of passenger-kilometres,HU,Hungary,2004,10406,
MIO_PKM,Millions of passenger-kilometres,HU,Hungary,2005,9714,
MIO_PKM,Millions of passenger-kilometres,HU,Hungary,2006,9524,
MIO_PKM,Millions of passenger-kilometres,HU,Hungary,2007,8752,
MIO_PKM,Millions of passenger-kilometres,HU,Hungary,2008,8291,
MIO_PKM,Millions of passenger-kilometres,HU,Hungary,2009,8004,
MIO_PKM,Millions of passenger-kilometres,HU,Hungary,2010,7653,
MIO_PKM,Millions of passenger-kilometres,HU,Hungary,2011,7763,
MIO_PKM,Millions of passenger-kilometres,HU,Hungary,2012,7769,
MIO_PKM,Millions of passenger-kilometres,HU,Hungary,2013,7806,
MIO_PKM,Millions of passenger-kilometres,HU,Hungary,2014,7710,
MIO_PKM,Millions of passenger-kilometres,HU,Hungary,2024,14988,
MIO_PKM,Millions of passenger-kilometres,IE,Ireland,2004,1582,
MIO_PKM,Millions of passenger-kilometres,IE,Ireland,2005,1781,
MIO_PKM,Millions of passenger-kilometres,IE,Ireland,2006,1872,
MIO_PKM,Millions of passenger-kilometres,IE,Ireland,2007,2007,
MIO_PKM,Millions of passenger-kilometres,IE,Ireland,2008,1976,
MIO_PKM,Millions of passenger-kilometres,IE,Ireland,2009,1683,
MIO_PKM,Millions of passenger-kilometres,IE,Ireland,2010,1678,
MIO_PKM,Millions of passenger-kilometres,IE,Ireland,2011,1638,
MIO_PKM,Millions of passenger-kilometres,IE,Ireland,2012,1578,
MIO_PKM,Millions of passenger-kilometres,IE,Ireland,2013,1569,
MIO_PKM,Millions of passenger-kilometres,IE,Ireland,2014,1728,
MIO_PKM,Millions of passenger-kilometres,IE,Ireland,2015,1918,
MIO_PKM,Millions of passenger-kilometres,IE,Ireland,2016,1991,
MIO_PKM,Millions of passenger-kilometres,IE,Ireland,2017,2122,
MIO_PKM,Millions of passenger-kilometres,IE,Ireland,2018,2281,
MIO_PKM,Millions of passenger-kilometres,IE,Ireland,2019,2399,
MIO_PKM,Millions of passenger-kilometres,IE,Ireland,2020,834,
MIO_PKM,Millions of passenger-kilometres,IE,Ireland,2021,870,
MIO_PKM,Millions of passenger-kilometres,IE,Ireland,2022,1748,
MIO_PKM,Millions of passenger-kilometres,IE,Ireland,2023,2235,
MIO_PKM,Millions of passenger-kilometres,IE,Ireland,2024,2486,
MIO_PKM,Millions of passenger-kilometres,IE,Ireland,2025,2812,
MIO_PKM,Millions of passenger-kilometres,IT,Italy,2004,49254,
MIO_PKM,Millions of passenger-kilometres,IT,Italy,2005,50088,
MIO_PKM,Millions of passenger-kilometres,IT,Italy,2006,50185,
MIO_PKM,Millions of passenger-kilometres,IT,Italy,2007,49780,
MIO_PKM,Millions of passenger-kilometres,IT,Italy,2008,49524,
MIO_PKM,Millions of passenger-kilometres,IT,Italy,2009,48124,
MIO_PKM,Millions of passenger-kilometres,IT,Italy,2010,47172,
MIO_PKM,Millions of passenger-kilometres,IT,Italy,2012,46759,
MIO_PKM,Millions of passenger-kilometres,IT,Italy,2013,48739,
MIO_PKM,Millions of passenger-kilometres,IT,Italy,2014,49957,
MIO_PKM,Millions of passenger-kilometres,IT,Italy,2015,52207,
MIO_PKM,Millions of passenger-kilometres,IT,Italy,2016,52178,
MIO_PKM,Millions of passenger-kilometres,IT,Italy,2017,53231,
MIO_PKM,Millions of passenger-kilometres,IT,Italy,2018,55493,
MIO_PKM,Millions of passenger-kilometres,IT,Italy,2019,56586,
MIO_PKM,Millions of passenger-kilometres,IT,Italy,2020,22269,
MIO_PKM,Millions of passenger-kilometres,IT,Italy,2021,27693,
MIO_PKM,Millions of passenger-kilometres,IT,Italy,2022,46498,
MIO_PKM,Millions of passenger-kilometres,IT,Italy,2023,54791,
MIO_PKM,Millions of passenger-kilometres,IT,Italy,2024,55872,
MIO_PKM,Millions of passenger-kilometres,IT,Italy,2025,55566,
MIO_PKM,Millions of passenger-kilometres,LI,Liechtenstein,2004,1,
MIO_PKM,Millions of passenger-kilometres,LI,Liechtenstein,2005,1,
MIO_PKM,Millions of passenger-kilometres,LI,Liechtenstein,2006,1,
MIO_PKM,Millions of passenger-kilometres,LI,Liechtenstein,2007,1,
MIO_PKM,Millions of passenger-kilometres,LI,Liechtenstein,2008,1,
MIO_PKM,Millions of passenger-kilometres,LI,Liechtenstein,2009,1,
MIO_PKM,Millions of passenger-kilometres,LI,Liechtenstein,2010,1,
MIO_PKM,Millions of passenger-kilometres,LI,Liechtenstein,2011,1,
MIO_PKM,Millions of passenger-kilometres,LI,Liechtenstein,2012,1,
MIO_PKM,Millions of passenger-kilometres,LI,Liechtenstein,2013,1,
MIO_PKM,Millions of passenger-kilometres,LI,Liechtenstein,2014,1,
MIO_PKM,Millions of passenger-kilometres,LI,Liechtenstein,2015,15,
MIO_PKM,Millions of passenger-kilometres,LI,Liechtenstein,2016,16,
MIO_PKM,Millions of passenger-kilometres,LI,Liechtenstein,2017,15,
MIO_PKM,Millions of passenger-kilometres,LI,Liechtenstein,2018,16,
MIO_PKM,Millions of passenger-kilometres,LI,Liechtenstein,2019,18,
MIO_PKM,Millions of passenger-kilometres,LI,Liechtenstein,2020,8,
MIO_PKM,Millions of passenger-kilometres,LI,Liechtenstein,2021,12,
MIO_PKM,Millions of passenger-kilometres,LI,Liechtenstein,2022,27,
MIO_PKM,Millions of passenger-kilometres,LI,Liechtenstein,2023,28,
MIO_PKM,Millions of passenger-kilometres,LI,Liechtenstein,2024,29,
MIO_PKM,Millions of passenger-kilometres,LI,Liechtenstein,2025,31,
MIO_PKM,Millions of passenger-kilometres,LT,Lithuania,2004,283,
MIO_PKM,Millions of passenger-kilometres,LT,Lithuania,2005,280,
MIO_PKM,Millions of passenger-kilometres,LT,Lithuania,2006,268,
MIO_PKM,Millions of passenger-kilometres,LT,Lithuania,2007,246,
MIO_PKM,Millions of passenger-kilometres,LT,Lithuania,2008,258,
MIO_PKM,Millions of passenger-kilometres,LT,Lithuania,2009,231,
MIO_PKM,Millions of passenger-kilometres,LT,Lithuania,2010,244,
MIO_PKM,Millions of passenger-kilometres,LT,Lithuania,2011,269,
MIO_PKM,Millions of passenger-kilometres,LT,Lithuania,2012,278,
MIO_PKM,Millions of passenger-kilometres,LT,Lithuania,2013,278,
MIO_PKM,Millions of passenger-kilometres,LT,Lithuania,2014,270,
MIO_PKM,Millions of passenger-kilometres,LT,Lithuania,2015,262,
MIO_PKM,Millions of passenger-kilometres,LT,Lithuania,2016,280,
MIO_PKM,Millions of passenger-kilometres,LT,Lithuania,2017,315,
MIO_PKM,Millions of passenger-kilometres,LT,Lithuania,2018,354,
MIO_PKM,Millions of passenger-kilometres,LT,Lithuania,2019,359,
MIO_PKM,Millions of passenger-kilometres,LT,Lithuania,2020,237,
MIO_PKM,Millions of passenger-kilometres,LT,Lithuania,2021,287,
MIO_PKM,Millions of passenger-kilometres,LT,Lithuania,2022,382,
MIO_PKM,Millions of passenger-kilometres,LT,Lithuania,2023,392,
MIO_PKM,Millions of passenger-kilometres,LT,Lithuania,2024,441,
MIO_PKM,Millions of passenger-kilometres,LT,Lithuania,2025,475,
MIO_PKM,Millions of passenger-kilometres,LU,Luxembourg,2004,253,
MIO_PKM,Millions of passenger-kilometres,LU,Luxembourg,2005,267,
MIO_PKM,Millions of passenger-kilometres,LU,Luxembourg,2006,298,
MIO_PKM,Millions of passenger-kilometres,LU,Luxembourg,2007,316,
MIO_PKM,Millions of passenger-kilometres,LU,Luxembourg,2008,345,
MIO_PKM,Millions of passenger-kilometres,LU,Luxembourg,2010,347,
MIO_PKM,Millions of passenger-kilometres,LU,Luxembourg,2011,349,
MIO_PKM,Millions of passenger-kilometres,LU,Luxembourg,2012,373,
MIO_PKM,Millions of passenger-kilometres,LU,Luxembourg,2013,394,
MIO_PKM,Millions of passenger-kilometres,LU,Luxembourg,2014,366,
MIO_PKM,Millions of passenger-kilometres,LU,Luxembourg,2015,418,
MIO_PKM,Millions of passenger-kilometres,LU,Luxembourg,2016,417,
MIO_PKM,Millions of passenger-kilometres,LU,Luxembourg,2017,438,
MIO_PKM,Millions of passenger-kilometres,LU,Luxembourg,2018,443,
MIO_PKM,Millions of passenger-kilometres,LU,Luxembourg,2019,463,
MIO_PKM,Millions of passenger-kilometres,LU,Luxembourg,2020,268,
MIO_PKM,Millions of passenger-kilometres,LU,Luxembourg,2021,304,
MIO_PKM,Millions of passenger-kilometres,LU,Luxembourg,2022,389,
MIO_PKM,Millions of passenger-kilometres,LU,Luxembourg,2023,505,
MIO_PKM,Millions of passenger-kilometres,LU,Luxembourg,2024,556,
MIO_PKM,Millions of passenger-kilometres,LU,Luxembourg,2025,547,
MIO_PKM,Millions of passenger-kilometres,LV,Latvia,2004,806,
MIO_PKM,Millions of passenger-kilometres,LV,Latvia,2005,889,
MIO_PKM,Millions of passenger-kilometres,LV,Latvia,2006,986,
MIO_PKM,Millions of passenger-kilometres,LV,Latvia,2007,975,
MIO_PKM,Millions of passenger-kilometres,LV,Latvia,2008,941,
MIO_PKM,Millions of passenger-kilometres,LV,Latvia,2009,748,
MIO_PKM,Millions of passenger-kilometres,LV,Latvia,2010,741,
MIO_PKM,Millions of passenger-kilometres,LV,Latvia,2011,733,
MIO_PKM,Millions of passenger-kilometres,LV,Latvia,2012,717,
MIO_PKM,Millions of passenger-kilometres,LV,Latvia,2013,721,
MIO_PKM,Millions of passenger-kilometres,LV,Latvia,2014,644,
MIO_PKM,Millions of passenger-kilometres,LV,Latvia,2015,590,
MIO_PKM,Millions of passenger-kilometres,LV,Latvia,2016,584,
MIO_PKM,Millions of passenger-kilometres,LV,Latvia,2017,596,
MIO_PKM,Millions of passenger-kilometres,LV,Latvia,2018,624,
MIO_PKM,Millions of passenger-kilometres,LV,Latvia,2019,643,
MIO_PKM,Millions of passenger-kilometres,LV,Latvia,2020,413,
MIO_PKM,Millions of passenger-kilometres,LV,Latvia,2021,361,
MIO_PKM,Millions of passenger-kilometres,LV,Latvia,2022,541,
MIO_PKM,Millions of passenger-kilometres,LV,Latvia,2023,612,
MIO_PKM,Millions of passenger-kilometres,LV,Latvia,2024,698,
MIO_PKM,Millions of passenger-kilometres,LV,Latvia,2025,746,
MIO_PKM,Millions of passenger-kilometres,ME,Montenegro,2013,73,
MIO_PKM,Millions of passenger-kilometres,ME,Montenegro,2014,76,
MIO_PKM,Millions of passenger-kilometres,ME,Montenegro,2015,81,
MIO_PKM,Millions of passenger-kilometres,ME,Montenegro,2016,84,
MIO_PKM,Millions of passenger-kilometres,ME,Montenegro,2017,60,
MIO_PKM,Millions of passenger-kilometres,ME,Montenegro,2018,67,
MIO_PKM,Millions of passenger-kilometres,ME,Montenegro,2019,66,
MIO_PKM,Millions of passenger-kilometres,ME,Montenegro,2020,28,
MIO_PKM,Millions of passenger-kilometres,ME,Montenegro,2022,52,
MIO_PKM,Millions of passenger-kilometres,ME,Montenegro,2023,68,
MIO_PKM,Millions of passenger-kilometres,ME,Montenegro,2024,70,
MIO_PKM,Millions of passenger-kilometres,MK,North Macedonia,2009,155,
MIO_PKM,Millions of passenger-kilometres,MK,North Macedonia,2010,155,
MIO_PKM,Millions of passenger-kilometres,MK,North Macedonia,2011,145,
MIO_PKM,Millions of passenger-kilometres,MK,North Macedonia,2012,99,
MIO_PKM,Millions of passenger-kilometres,MK,North Macedonia,2013,80,
MIO_PKM,Millions of passenger-kilometres,MK,North Macedonia,2014,80,
MIO_PKM,Millions of passenger-kilometres,MK,North Macedonia,2015,177,
MIO_PKM,Millions of passenger-kilometres,MK,North Macedonia,2016,83,
MIO_PKM,Millions of passenger-kilometres,MK,North Macedonia,2017,59,
MIO_PKM,Millions of passenger-kilometres,MK,North Macedonia,2018,63,
MIO_PKM,Millions of passenger-kilometres,MK,North Macedonia,2019,62,
MIO_PKM,Millions of passenger-kilometres,MK,North Macedonia,2020,25,
MIO_PKM,Millions of passenger-kilometres,MK,North Macedonia,2021,25,
MIO_PKM,Millions of passenger-kilometres,MK,North Macedonia,2022,46,
MIO_PKM,Millions of passenger-kilometres,MK,North Macedonia,2023,32,
MIO_PKM,Millions of passenger-kilometres,MK,North Macedonia,2024,26,
MIO_PKM,Millions of passenger-kilometres,MK,North Macedonia,2025,19,
MIO_PKM,Millions of passenger-kilometres,NL,Netherlands,2004,14509,
MIO_PKM,Millions of passenger-kilometres,NL,Netherlands,2005,15153,
MIO_PKM,Millions of passenger-kilometres,NL,Netherlands,2006,15889,
MIO_PKM,Millions of passenger-kilometres,NL,Netherlands,2007,16325,
MIO_PKM,Millions of passenger-kilometres,NL,Netherlands,2015,18338,
MIO_PKM,Millions of passenger-kilometres,NL,Netherlands,2016,18531,
MIO_PKM,Millions of passenger-kilometres,NL,Netherlands,2017,18438,
MIO_PKM,Millions of passenger-kilometres,NL,Netherlands,2018,18895,
MIO_PKM,Millions of passenger-kilometres,NL,Netherlands,2019,19353,
MIO_PKM,Millions of passenger-kilometres,NL,Netherlands,2020,9164,
MIO_PKM,Millions of passenger-kilometres,NL,Netherlands,2021,10852,
MIO_PKM,Millions of passenger-kilometres,NL,Netherlands,2022,17105,
MIO_PKM,Millions of passenger-kilometres,NL,Netherlands,2023,19195,
MIO_PKM,Millions of passenger-kilometres,NL,Netherlands,2024,17578,b
MIO_PKM,Millions of passenger-kilometres,NL,Netherlands,2025,17801,
MIO_PKM,Millions of passenger-kilometres,NO,Norway,2004,2620,
MIO_PKM,Millions of passenger-kilometres,NO,Norway,2005,2723,
MIO_PKM,Millions of passenger-kilometres,NO,Norway,2006,2833,
MIO_PKM,Millions of passenger-kilometres,NO,Norway,2007,2958,
MIO_PKM,Millions of passenger-kilometres,NO,Norway,2008,3123,
MIO_PKM,Millions of passenger-kilometres,NO,Norway,2009,3080,
MIO_PKM,Millions of passenger-kilometres,NO,Norway,2010,3186,
MIO_PKM,Millions of passenger-kilometres,NO,Norway,2011,3076,
MIO_PKM,Millions of passenger-kilometres,NO,Norway,2012,3092,
MIO_PKM,Millions of passenger-kilometres,NO,Norway,2013,3260,
MIO_PKM,Millions of passenger-kilometres,NO,Norway,2014,3440,
MIO_PKM,Millions of passenger-kilometres,NO,Norway,2015,3555,
MIO_PKM,Millions of passenger-kilometres,NO,Norway,2016,3695,
MIO_PKM,Millions of passenger-kilometres,NO,Norway,2017,3584,
MIO_PKM,Millions of passenger-kilometres,NO,Norway,2018,3722,
MIO_PKM,Millions of passenger-kilometres,NO,Norway,2019,3715,
MIO_PKM,Millions of passenger-kilometres,NO,Norway,2020,1804,
MIO_PKM,Millions of passenger-kilometres,NO,Norway,2021,1780,
MIO_PKM,Millions of passenger-kilometres,NO,Norway,2022,3079,
MIO_PKM,Millions of passenger-kilometres,NO,Norway,2023,3513,
MIO_PKM,Millions of passenger-kilometres,NO,Norway,2024,3876,
MIO_PKM,Millions of passenger-kilometres,NO,Norway,2025,3968,
MIO_PKM,Millions of passenger-kilometres,PL,Poland,2004,18430,
MIO_PKM,Millions of passenger-kilometres,PL,Poland,2005,17882,
MIO_PKM,Millions of passenger-kilometres,PL,Poland,2006,18240,
MIO_PKM,Millions of passenger-kilometres,PL,Poland,2007,19524,
MIO_PKM,Millions of passenger-kilometres,PL,Poland,2008,19762,
MIO_PKM,Millions of passenger-kilometres,PL,Poland,2009,18128,
MIO_PKM,Millions of passenger-kilometres,PL,Poland,2010,17485,
MIO_PKM,Millions of passenger-kilometres,PL,Poland,2011,17633,
MIO_PKM,Millions of passenger-kilometres,PL,Poland,2012,17674,
MIO_PKM,Millions of passenger-kilometres,PL,Poland,2013,16659,
MIO_PKM,Millions of passenger-kilometres,PL,Poland,2014,15885,
MIO_PKM,Millions of passenger-kilometres,PL,Poland,2015,17240,
MIO_PKM,Millions of passenger-kilometres,PL,Poland,2016,19067,
MIO_PKM,Millions of passenger-kilometres,PL,Poland,2017,20215,
MIO_PKM,Millions of passenger-kilometres,PL,Poland,2025,30649,
MIO_PKM,Millions of passenger-kilometres,PT,Portugal,2004,3752,
MIO_PKM,Millions of passenger-kilometres,PT,Portugal,2005,3809,
MIO_PKM,Millions of passenger-kilometres,PT,Portugal,2006,3876,
MIO_PKM,Millions of passenger-kilometres,PT,Portugal,2007,3987,
MIO_PKM,Millions of passenger-kilometres,PT,Portugal,2008,4213,
MIO_PKM,Millions of passenger-kilometres,PT,Portugal,2009,4213,
MIO_PKM,Millions of passenger-kilometres,PT,Portugal,2010,4111,
MIO_PKM,Millions of passenger-kilometres,PT,Portugal,2011,4237,
MIO_PKM,Millions of passenger-kilometres,PT,Portugal,2012,3803,
MIO_PKM,Millions of passenger-kilometres,PT,Portugal,2013,3649,
MIO_PKM,Millions of passenger-kilometres,PT,Portugal,2014,3852,
MIO_PKM,Millions of passenger-kilometres,PT,Portugal,2015,3957,
MIO_PKM,Millions of passenger-kilometres,PT,Portugal,2016,4266,
MIO_PKM,Millions of passenger-kilometres,PT,Portugal,2017,4516,
MIO_PKM,Millions of passenger-kilometres,PT,Portugal,2018,4570,
MIO_PKM,Millions of passenger-kilometres,PT,Portugal,2019,5055,
MIO_PKM,Millions of passenger-kilometres,PT,Portugal,2020,2563,
MIO_PKM,Millions of passenger-kilometres,PT,Portugal,2021,2912,
MIO_PKM,Millions of passenger-kilometres,PT,Portugal,2022,4419,
MIO_PKM,Millions of passenger-kilometres,PT,Portugal,2023,4829,
MIO_PKM,Millions of passenger-kilometres,PT,Portugal,2024,5447,
MIO_PKM,Millions of passenger-kilometres,PT,Portugal,2025,6848,
MIO_PKM,Millions of passenger-kilometres,RO,Romania,2004,8638,
MIO_PKM,Millions of passenger-kilometres,RO,Romania,2005,7985,
MIO_PKM,Millions of passenger-kilometres,RO,Romania,2006,8092,
MIO_PKM,Millions of passenger-kilometres,RO,Romania,2007,7476,
MIO_PKM,Millions of passenger-kilometres,RO,Romania,2008,6958,
MIO_PKM,Millions of passenger-kilometres,RO,Romania,2009,6128,
MIO_PKM,Millions of passenger-kilometres,RO,Romania,2010,5437,
MIO_PKM,Millions of passenger-kilometres,RO,Romania,2011,5063,
MIO_PKM,Millions of passenger-kilometres,RO,Romania,2012,4550,
MIO_PKM,Millions of passenger-kilometres,RO,Romania,2013,4382,
MIO_PKM,Millions of passenger-kilometres,RO,Romania,2014,4971,
MIO_PKM,Millions of passenger-kilometres,RO,Romania,2015,5148,
MIO_PKM,Millions of passenger-kilometres,RO,Romania,2016,4988,
MIO_PKM,Millions of passenger-kilometres,RO,Romania,2017,5663,
MIO_PKM,Millions of passenger-kilometres,RO,Romania,2018,5577,
MIO_PKM,Millions of passenger-kilometres,RO,Romania,2019,5906,
MIO_PKM,Millions of passenger-kilometres,RO,Romania,2020,3720,
MIO_PKM,Millions of passenger-kilometres,RO,Romania,2021,4271,
MIO_PKM,Millions of passenger-kilometres,RO,Romania,2022,5795,
MIO_PKM,Millions of passenger-kilometres,RO,Romania,2023,6151,
MIO_PKM,Millions of passenger-kilometres,RO,Romania,2024,5942,
MIO_PKM,Millions of passenger-kilometres,RO,Romania,2025,5329,
MIO_PKM,Millions of passenger-kilometres,SE,Sweden,2004,8634,
MIO_PKM,Millions of passenger-kilometres,SE,Sweden,2005,8910,
MIO_PKM,Millions of passenger-kilometres,SE,Sweden,2006,9617,
MIO_PKM,Millions of passenger-kilometres,SE,Sweden,2007,10261,
MIO_PKM,Millions of passenger-kilometres,SE,Sweden,2008,11146,
MIO_PKM,Millions of passenger-kilometres,SE,Sweden,2009,11321,
MIO_PKM,Millions of passenger-kilometres,SE,Sweden,2010,11155,
MIO_PKM,Millions of passenger-kilometres,SE,Sweden,2011,11379,
MIO_PKM,Millions of passenger-kilometres,SE,Sweden,2012,11792,
MIO_PKM,Millions of passenger-kilometres,SE,Sweden,2013,11842,
MIO_PKM,Millions of passenger-kilometres,SE,Sweden,2014,12121,
MIO_PKM,Millions of passenger-kilometres,SE,Sweden,2015,12741,
MIO_PKM,Millions of passenger-kilometres,SE,Sweden,2016,12800,
MIO_PKM,Millions of passenger-kilometres,SE,Sweden,2017,13331,
MIO_PKM,Millions of passenger-kilometres,SE,Sweden,2018,13547,
MIO_PKM,Millions of passenger-kilometres,SE,Sweden,2019,14617,
MIO_PKM,Millions of passenger-kilometres,SE,Sweden,2020,8129,
MIO_PKM,Millions of passenger-kilometres,SE,Sweden,2021,8027,
MIO_PKM,Millions of passenger-kilometres,SE,Sweden,2022,12879,
MIO_PKM,Millions of passenger-kilometres,SE,Sweden,2023,13308,
MIO_PKM,Millions of passenger-kilometres,SE,Sweden,2024,13626,
MIO_PKM,Millions of passenger-kilometres,SE,Sweden,2025,13897,
MIO_PKM,Millions of passenger-kilometres,SI,Slovenia,2004,695,
MIO_PKM,Millions of passenger-kilometres,SI,Slovenia,2005,716,
MIO_PKM,Millions of passenger-kilometres,SI,Slovenia,2006,724,
MIO_PKM,Millions of passenger-kilometres,SI,Slovenia,2007,740,
MIO_PKM,Millions of passenger-kilometres,SI,Slovenia,2008,765,
MIO_PKM,Millions of passenger-kilometres,SI,Slovenia,2009,773,
MIO_PKM,Millions of passenger-kilometres,SI,Slovenia,2010,729,
MIO_PKM,Millions of passenger-kilometres,SI,Slovenia,2011,689,
MIO_PKM,Millions of passenger-kilometres,SI,Slovenia,2012,659,
MIO_PKM,Millions of passenger-kilometres,SI,Slovenia,2013,679,
MIO_PKM,Millions of passenger-kilometres,SI,Slovenia,2014,620,
MIO_PKM,Millions of passenger-kilometres,SI,Slovenia,2015,628,
MIO_PKM,Millions of passenger-kilometres,SI,Slovenia,2016,611,
MIO_PKM,Millions of passenger-kilometres,SI,Slovenia,2017,570,
MIO_PKM,Millions of passenger-kilometres,SI,Slovenia,2018,568,
MIO_PKM,Millions of passenger-kilometres,SI,Slovenia,2019,572,
MIO_PKM,Millions of passenger-kilometres,SI,Slovenia,2020,338,
MIO_PKM,Millions of passenger-kilometres,SI,Slovenia,2021,504,
MIO_PKM,Millions of passenger-kilometres,SI,Slovenia,2022,645,
MIO_PKM,Millions of passenger-kilometres,SI,Slovenia,2023,742,
MIO_PKM,Millions of passenger-kilometres,SI,Slovenia,2024,886,
MIO_PKM,Millions of passenger-kilometres,SI,Slovenia,2025,918,
MIO_PKM,Millions of passenger-kilometres,SK,Slovakia,2004,2228,
MIO_PKM,Millions of passenger-kilometres,SK,Slovakia,2005,2182,
MIO_PKM,Millions of passenger-kilometres,SK,Slovakia,2006,2213,
MIO_PKM,Millions of passenger-kilometres,SK,Slovakia,2007,2165,
MIO_PKM,Millions of passenger-kilometres,SK,Slovakia,2008,2296,
MIO_PKM,Millions of passenger-kilometres,SK,Slovakia,2009,2264,
MIO_PKM,Millions of passenger-kilometres,SK,Slovakia,2010,2309,
MIO_PKM,Millions of passenger-kilometres,SK,Slovakia,2011,2431,
MIO_PKM,Millions of passenger-kilometres,SK,Slovakia,2012,2459,
MIO_PKM,Millions of passenger-kilometres,SK,Slovakia,2013,2485,
MIO_PKM,Millions of passenger-kilometres,SK,Slovakia,2014,2583,
MIO_PKM,Millions of passenger-kilometres,SK,Slovakia,2015,3411,
MIO_PKM,Millions of passenger-kilometres,SK,Slovakia,2016,3484,
MIO_PKM,Millions of passenger-kilometres,SK,Slovakia,2017,3754,
MIO_PKM,Millions of passenger-kilometres,SK,Slovakia,2018,3792,
MIO_PKM,Millions of passenger-kilometres,SK,Slovakia,2019,3957,
MIO_PKM,Millions of passenger-kilometres,SK,Slovakia,2020,2133,
MIO_PKM,Millions of passenger-kilometres,SK,Slovakia,2021,1969,
MIO_PKM,Millions of passenger-kilometres,SK,Slovakia,2022,3168,
MIO_PKM,Millions of passenger-kilometres,SK,Slovakia,2023,3543,
MIO_PKM,Millions of passenger-kilometres,SK,Slovakia,2024,3571,
MIO_PKM,Millions of passenger-kilometres,SK,Slovakia,2025,3599,
MIO_PKM,Millions of passenger-kilometres,TR,Türkiye,2004,5237,
MIO_PKM,Millions of passenger-kilometres,TR,Türkiye,2005,5036,
MIO_PKM,Millions of passenger-kilometres,TR,Türkiye,2006,5277,
MIO_PKM,Millions of passenger-kilometres,TR,Türkiye,2007,5553,
MIO_PKM,Millions of passenger-kilometres,TR,Türkiye,2008,5097,
MIO_PKM,Millions of passenger-kilometres,TR,Türkiye,2009,5374,
MIO_PKM,Millions of passenger-kilometres,TR,Türkiye,2010,5491,
MIO_PKM,Millions of passenger-kilometres,TR,Türkiye,2011,4002,
MIO_PKM,Millions of passenger-kilometres,TR,Türkiye,2012,3006,
MIO_PKM,Millions of passenger-kilometres,TR,Türkiye,2013,3020,
MIO_PKM,Millions of passenger-kilometres,TR,Türkiye,2014,3458,
MIO_PKM,Millions of passenger-kilometres,TR,Türkiye,2015,3708,
MIO_PKM,Millions of passenger-kilometres,TR,Türkiye,2016,3323,
MIO_PKM,Millions of passenger-kilometres,TR,Türkiye,2017,3633,
MIO_PKM,Millions of passenger-kilometres,TR,Türkiye,2018,4374,
MIO_PKM,Millions of passenger-kilometres,TR,Türkiye,2019,4912,
MIO_PKM,Millions of passenger-kilometres,TR,Türkiye,2020,1520,
MIO_PKM,Millions of passenger-kilometres,TR,Türkiye,2021,2251,
MIO_PKM,Millions of passenger-kilometres,TR,Türkiye,2022,5922,
MIO_PKM,Millions of passenger-kilometres,TR,Türkiye,2023,6245,
MIO_PKM,Millions of passenger-kilometres,TR,Türkiye,2024,6273,
MIO_PKM,Millions of passenger-kilometres,TR,Türkiye,2025,5860,
MIO_PKM,Millions of passenger-kilometres,UA,Ukraine,2020,10696,
MIO_PKM,Millions of passenger-kilometres,UA,Ukraine,2021,15709,
MIO_PKM,Millions of passenger-kilometres,UA,Ukraine,2022,10904,
MIO_PKM,Millions of passenger-kilometres,UA,Ukraine,2023,15487,
MIO_PKM,Millions of passenger-kilometres,UA,Ukraine,2024,16699,
MIO_PKM,Millions of passenger-kilometres,UA,Ukraine,2025,16571,
MIO_PKM,Millions of passenger-kilometres,UK,United Kingdom,2004,43474,
MIO_PKM,Millions of passenger-kilometres,UK,United Kingdom,2005,44642,
MIO_PKM,Millions of passenger-kilometres,UK,United Kingdom,2006,47297,
MIO_PKM,Millions of passenger-kilometres,UK,United Kingdom,2007,50474,
MIO_PKM,Millions of passenger-kilometres,UK,United Kingdom,2008,53002,
MIO_PKM,Millions of passenger-kilometres,UK,United Kingdom,2009,52765,
MIO_PKM,Millions of passenger-kilometres,UK,United Kingdom,2010,55831,
MIO_PKM,Millions of passenger-kilometres,UK,United Kingdom,2011,58462,
MIO_PKM,Millions of passenger-kilometres,UK,United Kingdom,2012,60783,
MIO_PKM,Millions of passenger-kilometres,UK,United Kingdom,2013,61950,
MIO_PKM,Millions of passenger-kilometres,UK,United Kingdom,2014,64711,
MIO_PKM,Millions of passenger-kilometres,UK,United Kingdom,2015,66594,
MIO_PKM,Millions of passenger-kilometres,UK,United Kingdom,2016,68010,
MIO_PKM,Millions of passenger-kilometres,UK,United Kingdom,2017,68912,
MIO_PKM,Millions of passenger-kilometres,UK,United Kingdom,2018,69706,
MIO_PKM,Millions of passenger-kilometres,UK,United Kingdom,2019,71823,
THS_PAS,Thousand passengers,AT,Austria,2004,215083,
THS_PAS,Thousand passengers,AT,Austria,2005,220116,
THS_PAS,Thousand passengers,AT,Austria,2006,223931,
THS_PAS,Thousand passengers,AT,Austria,2007,228488,
THS_PAS,Thousand passengers,AT,Austria,2008,236789,
THS_PAS,Thousand passengers,AT,Austria,2009,237658,
THS_PAS,Thousand passengers,AT,Austria,2010,239974,
THS_PAS,Thousand passengers,AT,Austria,2011,241526,
THS_PAS,Thousand passengers,AT,Austria,2012,260518,
THS_PAS,Thousand passengers,AT,Austria,2013,271888,
THS_PAS,Thousand passengers,AT,Austria,2014,270913,
THS_PAS,Thousand passengers,AT,Austria,2015,280060,
THS_PAS,Thousand passengers,AT,Austria,2016,286990,
THS_PAS,Thousand passengers,AT,Austria,2017,288503,
THS_PAS,Thousand passengers,AT,Austria,2018,307647,
THS_PAS,Thousand passengers,AT,Austria,2019,314892,
THS_PAS,Thousand passengers,AT,Austria,2020,191272,
THS_PAS,Thousand passengers,AT,Austria,2021,217501,
THS_PAS,Thousand passengers,AT,Austria,2022,292479,
THS_PAS,Thousand passengers,AT,Austria,2023,325362,
THS_PAS,Thousand passengers,AT,Austria,2024,348219,
THS_PAS,Thousand passengers,BA,Bosnia and Herzegovina,2014,528,
THS_PAS,Thousand passengers,BA,Bosnia and Herzegovina,2015,512,
THS_PAS,Thousand passengers,BA,Bosnia and Herzegovina,2016,418,
THS_PAS,Thousand passengers,BA,Bosnia and Herzegovina,2017,472,
THS_PAS,Thousand passengers,BA,Bosnia and Herzegovina,2018,549,
THS_PAS,Thousand passengers,BA,Bosnia and Herzegovina,2019,657,
THS_PAS,Thousand passengers,BA,Bosnia and Herzegovina,2020,181,
THS_PAS,Thousand passengers,BA,Bosnia and Herzegovina,2021,250,
THS_PAS,Thousand passengers,BA,Bosnia and Herzegovina,2022,442,
THS_PAS,Thousand passengers,BA,Bosnia and Herzegovina,2023,448,
THS_PAS,Thousand passengers,BA,Bosnia and Herzegovina,2024,421,
THS_PAS,Thousand passengers,BE,Belgium,2004,184033,
THS_PAS,Thousand passengers,BE,Belgium,2005,180431,
THS_PAS,Thousand passengers,BE,Belgium,2006,190865,
THS_PAS,Thousand passengers,BE,Belgium,2007,201054,
THS_PAS,Thousand passengers,BE,Belgium,2008,213934,
THS_PAS,Thousand passengers,BE,Belgium,2009,217639,
THS_PAS,Thousand passengers,BE,Belgium,2010,223198,
THS_PAS,Thousand passengers,BE,Belgium,2011,228753,
THS_PAS,Thousand passengers,BG,Bulgaria,2006,34089,
THS_PAS,Thousand passengers,BG,Bulgaria,2007,33242,
THS_PAS,Thousand passengers,BG,Bulgaria,2008,33724,
THS_PAS,Thousand passengers,BG,Bulgaria,2009,31348,
THS_PAS,Thousand passengers,BG,Bulgaria,2010,30079,
THS_PAS,Thousand passengers,BG,Bulgaria,2011,29287,
THS_PAS,Thousand passengers,BG,Bulgaria,2012,26508,
THS_PAS,Thousand passengers,BG,Bulgaria,2013,26059,
THS_PAS,Thousand passengers,BG,Bulgaria,2014,24615,
THS_PAS,Thousand passengers,BG,Bulgaria,2015,22518,
THS_PAS,Thousand passengers,BG,Bulgaria,2016,21425,
THS_PAS,Thousand passengers,BG,Bulgaria,2017,21195,
THS_PAS,Thousand passengers,BG,Bulgaria,2018,21329,
THS_PAS,Thousand passengers,BG,Bulgaria,2019,21329,
THS_PAS,Thousand passengers,BG,Bulgaria,2020,16808,
THS_PAS,Thousand passengers,BG,Bulgaria,2021,17142,
THS_PAS,Thousand passengers,BG,Bulgaria,2022,23065,
THS_PAS,Thousand passengers,BG,Bulgaria,2023,21811,
THS_PAS,Thousand passengers,BG,Bulgaria,2024,21141,
THS_PAS,Thousand passengers,BG,Bulgaria,2025,20979,
THS_PAS,Thousand passengers,CH,Switzerland,2008,460629,
THS_PAS,Thousand passengers,CH,Switzerland,2009,471006,
THS_PAS,Thousand passengers,CH,Switzerland,2010,492162,
THS_PAS,Thousand passengers,CH,Switzerland,2011,511770,
THS_PAS,Thousand passengers,CH,Switzerland,2012,513860,
THS_PAS,Thousand passengers,CH,Switzerland,2013,540352,
THS_PAS,Thousand passengers,CH,Switzerland,2014,567049,
THS_PAS,Thousand passengers,CH,Switzerland,2015,582889,
THS_PAS,Thousand passengers,CH,Switzerland,2016,602659,
THS_PAS,Thousand passengers,CH,Switzerland,2017,607941,
THS_PAS,Thousand passengers,CH,Switzerland,2018,607567,
THS_PAS,Thousand passengers,CH,Switzerland,2019,635595,
THS_PAS,Thousand passengers,CH,Switzerland,2020,402610,
THS_PAS,Thousand passengers,CH,Switzerland,2021,420912,
THS_PAS,Thousand passengers,CH,Switzerland,2022,536207,
THS_PAS,Thousand passengers,CH,Switzerland,2023,607748,
THS_PAS,Thousand passengers,CH,Switzerland,2024,641799,
THS_PAS,Thousand passengers,CH,Switzerland,2025,669395,
THS_PAS,Thousand passengers,CZ,Czechia,2004,180282,
THS_PAS,Thousand passengers,CZ,Czechia,2005,180266,
THS_PAS,Thousand passengers,CZ,Czechia,2006,183027,
THS_PAS,Thousand passengers,CZ,Czechia,2007,184184,
THS_PAS,Thousand passengers,CZ,Czechia,2008,177257,
THS_PAS,Thousand passengers,CZ,Czechia,2009,164813,
THS_PAS,Thousand passengers,CZ,Czechia,2010,164642,
THS_PAS,Thousand passengers,CZ,Czechia,2011,167789,
THS_PAS,Thousand passengers,CZ,Czechia,2012,172580,
THS_PAS,Thousand passengers,CZ,Czechia,2013,174189,
THS_PAS,Thousand passengers,CZ,Czechia,2014,175705,
THS_PAS,Thousand passengers,CZ,Czechia,2015,176146,
THS_PAS,Thousand passengers,CZ,Czechia,2016,178766,
THS_PAS,Thousand passengers,CZ,Czechia,2017,182724,
THS_PAS,Thousand passengers,CZ,Czechia,2018,189288,
THS_PAS,Thousand passengers,CZ,Czechia,2019,193569,
THS_PAS,Thousand passengers,CZ,Czechia,2020,129308,
THS_PAS,Thousand passengers,CZ,Czechia,2021,135083,
THS_PAS,Thousand passengers,CZ,Czechia,2022,174327,
THS_PAS,Thousand passengers,CZ,Czechia,2023,183979,
THS_PAS,Thousand passengers,CZ,Czechia,2024,191171,
THS_PAS,Thousand passengers,CZ,Czechia,2025,191670,
THS_PAS,Thousand passengers,DE,Germany,2004,2091268,
THS_PAS,Thousand passengers,DE,Germany,2005,2130469,
THS_PAS,Thousand passengers,DE,Germany,2006,2228926,
THS_PAS,Thousand passengers,DE,Germany,2007,2226952,
THS_PAS,Thousand passengers,DE,Germany,2008,2336683,
THS_PAS,Thousand passengers,DE,Germany,2009,2323243,
THS_PAS,Thousand passengers,DE,Germany,2010,2368375,
THS_PAS,Thousand passengers,DE,Germany,2011,2530284,
THS_PAS,Thousand passengers,DE,Germany,2012,2564498,
THS_PAS,Thousand passengers,DE,Germany,2013,2612764,
THS_PAS,Thousand passengers,DE,Germany,2014,2693080,
THS_PAS,Thousand passengers,DE,Germany,2015,2684908,
THS_PAS,Thousand passengers,DE,Germany,2016,2813782,
THS_PAS,Thousand passengers,DE,Germany,2017,2831443,
THS_PAS,Thousand passengers,DE,Germany,2018,2880558,
THS_PAS,Thousand passengers,DE,Germany,2019,2938023,
THS_PAS,Thousand passengers,DE,Germany,2020,1752198,
THS_PAS,Thousand passengers,DE,Germany,2021,1761388,
THS_PAS,Thousand passengers,DE,Germany,2022,2505856,
THS_PAS,Thousand passengers,DE,Germany,2023,2727923,
THS_PAS,Thousand passengers,DE,Germany,2024,2929624,
THS_PAS,Thousand passengers,DE,Germany,2025,2953561,
THS_PAS,Thousand passengers,DK,Denmark,2004,168552,
THS_PAS,Thousand passengers,DK,Denmark,2005,171377,
THS_PAS,Thousand passengers,DK,Denmark,2006,174573,
THS_PAS,Thousand passengers,DK,Denmark,2007,174940,
THS_PAS,Thousand passengers,DK,Denmark,2008,179750,
THS_PAS,Thousand passengers,DK,Denmark,2009,184225,
THS_PAS,Thousand passengers,DK,Denmark,2010,185947,
THS_PAS,Thousand passengers,DK,Denmark,2011,194428,
THS_PAS,Thousand passengers,DK,Denmark,2012,201899,
THS_PAS,Thousand passengers,DK,Denmark,2013,206160,
THS_PAS,Thousand passengers,DK,Denmark,2014,208311,
THS_PAS,Thousand passengers,DK,Denmark,2015,212253,
THS_PAS,Thousand passengers,DK,Denmark,2016,211399,
THS_PAS,Thousand passengers,DK,Denmark,2017,206566,
THS_PAS,Thousand passengers,DK,Denmark,2018,205307,
THS_PAS,Thousand passengers,DK,Denmark,2019,206601,
THS_PAS,Thousand passengers,DK,Denmark,2020,133900,
THS_PAS,Thousand passengers,DK,Denmark,2021,134076,
THS_PAS,Thousand passengers,DK,Denmark,2022,184897,
THS_PAS,Thousand passengers,DK,Denmark,2023,202866,
THS_PAS,Thousand passengers,DK,Denmark,2024,210447,
THS_PAS,Thousand passengers,DK,Denmark,2025,213435,
THS_PAS,Thousand passengers,EE,Estonia,2004,5274,
THS_PAS,Thousand passengers,EE,Estonia,2005,5159,
THS_PAS,Thousand passengers,EE,Estonia,2006,5302,
THS_PAS,Thousand passengers,EE,Estonia,2007,5442,
THS_PAS,Thousand passengers,EE,Estonia,2008,5285,
THS_PAS,Thousand passengers,EE,Estonia,2009,4894,
THS_PAS,Thousand passengers,EE,Estonia,2010,4799,
THS_PAS,Thousand passengers,EE,Estonia,2011,4758,
THS_PAS,Thousand passengers,EE,Estonia,2012,4411,
THS_PAS,Thousand passengers,EE,Estonia,2013,4199,
THS_PAS,Thousand passengers,EE,Estonia,2014,5905,
THS_PAS,Thousand passengers,EE,Estonia,2015,6659,
THS_PAS,Thousand passengers,EE,Estonia,2016,6926,
THS_PAS,Thousand passengers,EE,Estonia,2017,7433,
THS_PAS,Thousand passengers,EE,Estonia,2018,7759,
THS_PAS,Thousand passengers,EE,Estonia,2019,8373,
THS_PAS,Thousand passengers,EE,Estonia,2020,5984,
THS_PAS,Thousand passengers,EE,Estonia,2021,6077,
THS_PAS,Thousand passengers,EE,Estonia,2022,7129,
THS_PAS,Thousand passengers,EE,Estonia,2023,7805,
THS_PAS,Thousand passengers,EE,Estonia,2024,7944,
THS_PAS,Thousand passengers,EE,Estonia,2025,7692,
THS_PAS,Thousand passengers,EL,Greece,2004,9483,
THS_PAS,Thousand passengers,EL,Greece,2005,9959,
THS_PAS,Thousand passengers,EL,Greece,2006,9520,
THS_PAS,Thousand passengers,EL,Greece,2007,13212,
THS_PAS,Thousand passengers,EL,Greece,2008,16050,
THS_PAS,Thousand passengers,EL,Greece,2009,14281,
THS_PAS,Thousand passengers,EL,Greece,2010,13817,
THS_PAS,Thousand passengers,EL,Greece,2011,13305,
THS_PAS,Thousand passengers,EL,Greece,2012,12658,
THS_PAS,Thousand passengers,EL,Greece,2013,13195,
THS_PAS,Thousand passengers,EL,Greece,2014,13399,
THS_PAS,Thousand passengers,EL,Greece,2015,16040,
THS_PAS,Thousand passengers,EL,Greece,2016,15582,
THS_PAS,Thousand passengers,EL,Greece,2017,15359,
THS_PAS,Thousand passengers,EL,Greece,2018,16795,
THS_PAS,Thousand passengers,EL,Greece,2019,19599,
THS_PAS,Thousand passengers,EL,Greece,2020,10220,
THS_PAS,Thousand passengers,EL,Greece,2021,10029,
THS_PAS,Thousand passengers,EL,Greece,2022,15421,
THS_PAS,Thousand passengers,EL,Greece,2023,12807,
THS_PAS,Thousand passengers,EL,Greece,2024,14053,
THS_PAS,Thousand passengers,EL,Greece,2025,14361,
THS_PAS,Thousand passengers,ES,Spain,2004,593847,
THS_PAS,Thousand passengers,ES,Spain,2005,615685,
THS_PAS,Thousand passengers,ES,Spain,2006,628832,
THS_PAS,Thousand passengers,ES,Spain,2007,620421,
THS_PAS,Thousand passengers,ES,Spain,2008,614514,
THS_PAS,Thousand passengers,ES,Spain,2009,578265,
THS_PAS,Thousand passengers,ES,Spain,2010,563505,
THS_PAS,Thousand passengers,ES,Spain,2011,579174,
THS_PAS,Thousand passengers,ES,Spain,2012,568596,
THS_PAS,Thousand passengers,ES,Spain,2013,563269,
THS_PAS,Thousand passengers,ES,Spain,2014,563801,
THS_PAS,Thousand passengers,ES,Spain,2015,567854,
THS_PAS,Thousand passengers,ES,Spain,2016,575572,
THS_PAS,Thousand passengers,ES,Spain,2017,600296,
THS_PAS,Thousand passengers,ES,Spain,2018,601912,
THS_PAS,Thousand passengers,ES,Spain,2019,634954,
THS_PAS,Thousand passengers,ES,Spain,2020,333397,
THS_PAS,Thousand passengers,ES,Spain,2021,418501,
THS_PAS,Thousand passengers,ES,Spain,2022,554154,
THS_PAS,Thousand passengers,ES,Spain,2023,666205,
THS_PAS,Thousand passengers,ES,Spain,2024,691733,
THS_PAS,Thousand passengers,ES,Spain,2025,695385,
THS_PAS,Thousand passengers,FI,Finland,2004,60134,
THS_PAS,Thousand passengers,FI,Finland,2005,63493,
THS_PAS,Thousand passengers,FI,Finland,2006,63803,
THS_PAS,Thousand passengers,FI,Finland,2007,66685,
THS_PAS,Thousand passengers,FI,Finland,2008,69937,
THS_PAS,Thousand passengers,FI,Finland,2009,67555,
THS_PAS,Thousand passengers,FI,Finland,2010,68950,
THS_PAS,Thousand passengers,FI,Finland,2011,68376,
THS_PAS,Thousand passengers,FI,Finland,2012,69331,
THS_PAS,Thousand passengers,FI,Finland,2013,69318,
THS_PAS,Thousand passengers,FI,Finland,2014,68262,
THS_PAS,Thousand passengers,FI,Finland,2015,75952,
THS_PAS,Thousand passengers,FI,Finland,2016,82114,
THS_PAS,Thousand passengers,FI,Finland,2017,85703,
THS_PAS,Thousand passengers,FI,Finland,2018,87502,
THS_PAS,Thousand passengers,FI,Finland,2019,92801,
THS_PAS,Thousand passengers,FI,Finland,2020,59550,
THS_PAS,Thousand passengers,FI,Finland,2021,55009,
THS_PAS,Thousand passengers,FI,Finland,2022,76089,
THS_PAS,Thousand passengers,FI,Finland,2023,82406,
THS_PAS,Thousand passengers,FI,Finland,2024,84574,
THS_PAS,Thousand passengers,FI,Finland,2025,89720,
THS_PAS,Thousand passengers,FR,France,2004,943899,
THS_PAS,Thousand passengers,FR,France,2005,983766,
THS_PAS,Thousand passengers,FR,France,2006,1021931,
THS_PAS,Thousand passengers,FR,France,2007,1065423,
THS_PAS,Thousand passengers,FR,France,2008,1093033,
THS_PAS,Thousand passengers,FR,France,2009,1101640,
THS_PAS,Thousand passengers,FR,France,2012,1150297,
THS_PAS,Thousand passengers,FR,France,2013,1164822,
THS_PAS,Thousand passengers,FR,France,2014,1157679,
THS_PAS,Thousand passengers,FR,France,2015,1204201,
THS_PAS,Thousand passengers,FR,France,2016,1234996,
THS_PAS,Thousand passengers,FR,France,2017,1277193,
THS_PAS,Thousand passengers,FR,France,2018,1246580,
THS_PAS,Thousand passengers,FR,France,2019,1265492,
THS_PAS,Thousand passengers,FR,France,2020,723809,
THS_PAS,Thousand passengers,FR,France,2021,894536,
THS_PAS,Thousand passengers,FR,France,2022,1141822,
THS_PAS,Thousand passengers,FR,France,2023,1226405,
THS_PAS,Thousand passengers,FR,France,2024,1320115,
THS_PAS,Thousand passengers,FR,France,2025,1311625,
THS_PAS,Thousand passengers,HR,Croatia,2004,36600,
THS_PAS,Thousand passengers,HR,Croatia,2005,39706,
THS_PAS,Thousand passengers,HR,Croatia,2006,46044,
THS_PAS,Thousand passengers,HR,Croatia,2007,62973,
THS_PAS,Thousand passengers,HR,Croatia,2008,70800,
THS_PAS,Thousand passengers,HR,Croatia,2009,73402,
THS_PAS,Thousand passengers,HR,Croatia,2010,69421,
THS_PAS,Thousand passengers,HR,Croatia,2011,49852,
THS_PAS,Thousand passengers,HR,Croatia,2012,27576,
THS_PAS,Thousand passengers,HR,Croatia,2013,24216,
THS_PAS,Thousand passengers,HR,Croatia,2014,21889,
THS_PAS,Thousand passengers,HR,Croatia,2015,21649,
THS_PAS,Thousand passengers,HR,Croatia,2016,20709,
THS_PAS,Thousand passengers,HR,Croatia,2017,19803,
THS_PAS,Thousand passengers,HR,Croatia,2018,20244,
THS_PAS,Thousand passengers,HR,Croatia,2019,19827,
THS_PAS,Thousand passengers,HR,Croatia,2020,13100,
THS_PAS,Thousand passengers,HR,Croatia,2021,13534,
THS_PAS,Thousand passengers,HR,Croatia,2022,18581,
THS_PAS,Thousand passengers,HR,Croatia,2023,23851,
THS_PAS,Thousand passengers,HR,Croatia,2024,24590,
THS_PAS,Thousand passengers,HR,Croatia,2025,26395,
THS_PAS,Thousand passengers,HU,Hungary,2004,159991,
THS_PAS,Thousand passengers,HU,Hungary,2005,153508,
THS_PAS,Thousand passengers,HU,Hungary,2006,156628,
THS_PAS,Thousand passengers,HU,Hungary,2007,149551,
THS_PAS,Thousand passengers,HU,Hungary,2008,144900,
THS_PAS,Thousand passengers,HU,Hungary,2009,142690,
THS_PAS,Thousand passengers,HU,Hungary,2010,140398,
THS_PAS,Thousand passengers,HU,Hungary,2011,145561,
THS_PAS,Thousand passengers,HU,Hungary,2012,147688,
THS_PAS,Thousand passengers,HU,Hungary,2013,148379,
THS_PAS,Thousand passengers,HU,Hungary,2014,146010,
THS_PAS,Thousand passengers,HU,Hungary,2024,304902,
THS_PAS,Thousand passengers,IE,Ireland,2004,34555,
THS_PAS,Thousand passengers,IE,Ireland,2005,37655,
THS_PAS,Thousand passengers,IE,Ireland,2006,43352,
THS_PAS,Thousand passengers,IE,Ireland,2007,45511,
THS_PAS,Thousand passengers,IE,Ireland,2008,44647,
THS_PAS,Thousand passengers,IE,Ireland,2009,38812,
THS_PAS,Thousand passengers,IE,Ireland,2010,38226,
THS_PAS,Thousand passengers,IE,Ireland,2011,37375,
THS_PAS,Thousand passengers,IE,Ireland,2012,36918,
THS_PAS,Thousand passengers,IE,Ireland,2013,37130,
THS_PAS,Thousand passengers,IE,Ireland,2014,38517,
THS_PAS,Thousand passengers,IE,Ireland,2015,39660,
THS_PAS,Thousand passengers,IE,Ireland,2016,42820,
THS_PAS,Thousand passengers,IE,Ireland,2017,45505,
THS_PAS,Thousand passengers,IE,Ireland,2018,47960,
THS_PAS,Thousand passengers,IE,Ireland,2019,50060,
THS_PAS,Thousand passengers,IE,Ireland,2020,17930,
THS_PAS,Thousand passengers,IE,Ireland,2021,17411,
THS_PAS,Thousand passengers,IE,Ireland,2022,35845,
THS_PAS,Thousand passengers,IE,Ireland,2023,46066,
THS_PAS,Thousand passengers,IE,Ireland,2024,50664,
THS_PAS,Thousand passengers,IE,Ireland,2025,55039,
THS_PAS,Thousand passengers,IT,Italy,2004,728177,
THS_PAS,Thousand passengers,IT,Italy,2005,759863,
THS_PAS,Thousand passengers,IT,Italy,2006,753536,
THS_PAS,Thousand passengers,IT,Italy,2007,774480,
THS_PAS,Thousand passengers,IT,Italy,2008,802440,
THS_PAS,Thousand passengers,IT,Italy,2009,799873,
THS_PAS,Thousand passengers,IT,Italy,2010,838892,
THS_PAS,Thousand passengers,IT,Italy,2012,854836,
THS_PAS,Thousand passengers,IT,Italy,2013,854756,
THS_PAS,Thousand passengers,IT,Italy,2014,864123,
THS_PAS,Thousand passengers,IT,Italy,2015,872623,
THS_PAS,Thousand passengers,IT,Italy,2016,869199,
THS_PAS,Thousand passengers,IT,Italy,2017,864570,
THS_PAS,Thousand passengers,IT,Italy,2018,882243,
THS_PAS,Thousand passengers,IT,Italy,2019,898472,
THS_PAS,Thousand passengers,IT,Italy,2020,389883,
THS_PAS,Thousand passengers,IT,Italy,2021,491782,
THS_PAS,Thousand passengers,IT,Italy,2022,693604,
THS_PAS,Thousand passengers,IT,Italy,2023,814441,
THS_PAS,Thousand passengers,IT,Italy,2024,842822,
THS_PAS,Thousand passengers,IT,Italy,2025,844111,
THS_PAS,Thousand passengers,LI,Liechtenstein,2004,119,
THS_PAS,Thousand passengers,LI,Liechtenstein,2005,120,
THS_PAS,Thousand passengers,LI,Liechtenstein,2006,121,
THS_PAS,Thousand passengers,LI,Liechtenstein,2007,97,
THS_PAS,Thousand passengers,LI,Liechtenstein,2008,97,
THS_PAS,Thousand passengers,LI,Liechtenstein,2009,97,
THS_PAS,Thousand passengers,LI,Liechtenstein,2010,96,
THS_PAS,Thousand passengers,LI,Liechtenstein,2011,96,
THS_PAS,Thousand passengers,LI,Liechtenstein,2012,96,
THS_PAS,Thousand passengers,LI,Liechtenstein,2013,96,
THS_PAS,Thousand passengers,LI,Liechtenstein,2014,97,
THS_PAS,Thousand passengers,LI,Liechtenstein,2015,950,
THS_PAS,Thousand passengers,LI,Liechtenstein,2016,936,
THS_PAS,Thousand passengers,LI,Liechtenstein,2017,855,
THS_PAS,Thousand passengers,LI,Liechtenstein,2018,940,
THS_PAS,Thousand passengers,LI,Liechtenstein,2019,1081,
THS_PAS,Thousand passengers,LI,Liechtenstein,2020,479,
THS_PAS,Thousand passengers,LI,Liechtenstein,2021,710,
THS_PAS,Thousand passengers,LI,Liechtenstein,2022,1601,
THS_PAS,Thousand passengers,LI,Liechtenstein,2023,1686,
THS_PAS,Thousand passengers,LI,Liechtenstein,2024,1737,
THS_PAS,Thousand passengers,LI,Liechtenstein,2025,1879,
THS_PAS,Thousand passengers,LT,Lithuania,2004,6282,
THS_PAS,Thousand passengers,LT,Lithuania,2005,6081,
THS_PAS,Thousand passengers,LT,Lithuania,2006,5489,
THS_PAS,Thousand passengers,LT,Lithuania,2007,4478,
THS_PAS,Thousand passengers,LT,Lithuania,2008,4447,
THS_PAS,Thousand passengers,LT,Lithuania,2009,3819,
THS_PAS,Thousand passengers,LT,Lithuania,2010,3795,
THS_PAS,Thousand passengers,LT,Lithuania,2011,4127,
THS_PAS,Thousand passengers,LT,Lithuania,2012,4251,
THS_PAS,Thousand passengers,LT,Lithuania,2013,4346,
THS_PAS,Thousand passengers,LT,Lithuania,2014,4126,
THS_PAS,Thousand passengers,LT,Lithuania,2015,3790,
THS_PAS,Thousand passengers,LT,Lithuania,2016,3916,
THS_PAS,Thousand passengers,LT,Lithuania,2017,4176,
THS_PAS,Thousand passengers,LT,Lithuania,2018,4665,
THS_PAS,Thousand passengers,LT,Lithuania,2019,4991,
THS_PAS,Thousand passengers,LT,Lithuania,2020,3238,
THS_PAS,Thousand passengers,LT,Lithuania,2021,3948,
THS_PAS,Thousand passengers,LT,Lithuania,2022,4464,
THS_PAS,Thousand passengers,LT,Lithuania,2023,4719,
THS_PAS,Thousand passengers,LT,Lithuania,2024,5114,
THS_PAS,Thousand passengers,LT,Lithuania,2025,5398,
THS_PAS,Thousand passengers,LU,Luxembourg,2004,13520,
THS_PAS,Thousand passengers,LU,Luxembourg,2005,13937,
THS_PAS,Thousand passengers,LU,Luxembourg,2006,14793,
THS_PAS,Thousand passengers,LU,Luxembourg,2007,16442,
THS_PAS,Thousand passengers,LU,Luxembourg,2008,17676,
THS_PAS,Thousand passengers,LU,Luxembourg,2009,17039,
THS_PAS,Thousand passengers,LU,Luxembourg,2010,17995,
THS_PAS,Thousand passengers,LU,Luxembourg,2011,18200,
THS_PAS,Thousand passengers,LU,Luxembourg,2012,19691,
THS_PAS,Thousand passengers,LU,Luxembourg,2013,20549,
THS_PAS,Thousand passengers,LU,Luxembourg,2014,21503,
THS_PAS,Thousand passengers,LU,Luxembourg,2015,22496,
THS_PAS,Thousand passengers,LU,Luxembourg,2016,22459,
THS_PAS,Thousand passengers,LU,Luxembourg,2017,22930,
THS_PAS,Thousand passengers,LU,Luxembourg,2018,23331,
THS_PAS,Thousand passengers,LU,Luxembourg,2019,25016,
THS_PAS,Thousand passengers,LU,Luxembourg,2020,14527,
THS_PAS,Thousand passengers,LU,Luxembourg,2021,16595,
THS_PAS,Thousand passengers,LU,Luxembourg,2022,22038,
THS_PAS,Thousand passengers,LU,Luxembourg,2023,28688,
THS_PAS,Thousand passengers,LU,Luxembourg,2024,31263,
THS_PAS,Thousand passengers,LU,Luxembourg,2025,31441,
THS_PAS,Thousand passengers,LV,Latvia,2004,23825,
THS_PAS,Thousand passengers,LV,Latvia,2005,25915,
THS_PAS,Thousand passengers,LV,Latvia,2006,27387,
THS_PAS,Thousand passengers,LV,Latvia,2007,27380,
THS_PAS,Thousand passengers,LV,Latvia,2008,26702,
THS_PAS,Thousand passengers,LV,Latvia,2009,21504,
THS_PAS,Thousand passengers,LV,Latvia,2010,20804,
THS_PAS,Thousand passengers,LV,Latvia,2011,20447,
THS_PAS,Thousand passengers,LV,Latvia,2012,19707,
THS_PAS,Thousand passengers,LV,Latvia,2013,19730,
THS_PAS,Thousand passengers,LV,Latvia,2014,19190,
THS_PAS,Thousand passengers,LV,Latvia,2015,17065,
THS_PAS,Thousand passengers,LV,Latvia,2016,17228,
THS_PAS,Thousand passengers,LV,Latvia,2017,17494,
THS_PAS,Thousand passengers,LV,Latvia,2018,18242,
THS_PAS,Thousand passengers,LV,Latvia,2019,18623,
THS_PAS,Thousand passengers,LV,Latvia,2020,12862,
THS_PAS,Thousand passengers,LV,Latvia,2021,11194,
THS_PAS,Thousand passengers,LV,Latvia,2022,15694,
THS_PAS,Thousand passengers,LV,Latvia,2023,17134,
THS_PAS,Thousand passengers,LV,Latvia,2024,19508,
THS_PAS,Thousand passengers,LV,Latvia,2025,21399,
THS_PAS,Thousand passengers,ME,Montenegro,2013,922,
THS_PAS,Thousand passengers,ME,Montenegro,2014,1122,
THS_PAS,Thousand passengers,ME,Montenegro,2015,1236,
THS_PAS,Thousand passengers,ME,Montenegro,2016,1285,
THS_PAS,Thousand passengers,ME,Montenegro,2017,927,
THS_PAS,Thousand passengers,ME,Montenegro,2018,992,
THS_PAS,Thousand passengers,ME,Montenegro,2019,986,
THS_PAS,Thousand passengers,ME,Montenegro,2020,473,
THS_PAS,Thousand passengers,ME,Montenegro,2022,777,
THS_PAS,Thousand passengers,ME,Montenegro,2023,854,
THS_PAS,Thousand passengers,ME,Montenegro,2024,863,
THS_PAS,Thousand passengers,MK,North Macedonia,2009,1524,
THS_PAS,Thousand passengers,MK,North Macedonia,2010,1512,
THS_PAS,Thousand passengers,MK,North Macedonia,2011,1421,
THS_PAS,Thousand passengers,MK,North Macedonia,2012,1013,
THS_PAS,Thousand passengers,MK,North Macedonia,2013,853,
THS_PAS,Thousand passengers,MK,North Macedonia,2014,803,
THS_PAS,Thousand passengers,MK,North Macedonia,2015,1022,
THS_PAS,Thousand passengers,MK,North Macedonia,2016,663,
THS_PAS,Thousand passengers,MK,North Macedonia,2017,500,
THS_PAS,Thousand passengers,MK,North Macedonia,2018,540,
THS_PAS,Thousand passengers,MK,North Macedonia,2019,549,
THS_PAS,Thousand passengers,MK,North Macedonia,2020,253,
THS_PAS,Thousand passengers,MK,North Macedonia,2021,252,
THS_PAS,Thousand passengers,MK,North Macedonia,2022,406,
THS_PAS,Thousand passengers,MK,North Macedonia,2023,280,
THS_PAS,Thousand passengers,MK,North Macedonia,2024,238,
THS_PAS,Thousand passengers,MK,North Macedonia,2025,178,
THS_PAS,Thousand passengers,NL,Netherlands,2004,326953,
THS_PAS,Thousand passengers,NL,Netherlands,2005,339020,
THS_PAS,Thousand passengers,NL,Netherlands,2006,347831,
THS_PAS,Thousand passengers,NL,Netherlands,2007,368034,
THS_PAS,Thousand passengers,NL,Netherlands,2015,361392,
THS_PAS,Thousand passengers,NL,Netherlands,2016,367079,
THS_PAS,Thousand passengers,NL,Netherlands,2017,390568,
THS_PAS,Thousand passengers,NL,Netherlands,2018,389776,
THS_PAS,Thousand passengers,NL,Netherlands,2019,388984,
THS_PAS,Thousand passengers,NL,Netherlands,2020,181541,
THS_PAS,Thousand passengers,NL,Netherlands,2021,207165,
THS_PAS,Thousand passengers,NL,Netherlands,2022,318943,
THS_PAS,Thousand passengers,NL,Netherlands,2023,358458,
THS_PAS,Thousand passengers,NL,Netherlands,2024,382687,b
THS_PAS,Thousand passengers,NL,Netherlands,2025,388675,
THS_PAS,Thousand passengers,NO,Norway,2004,50650,
THS_PAS,Thousand passengers,NO,Norway,2005,52559,
THS_PAS,Thousand passengers,NO,Norway,2006,54695,
THS_PAS,Thousand passengers,NO,Norway,2007,56808,
THS_PAS,Thousand passengers,NO,Norway,2008,59071,
THS_PAS,Thousand passengers,NO,Norway,2009,57937,
THS_PAS,Thousand passengers,NO,Norway,2010,59304,
THS_PAS,Thousand passengers,NO,Norway,2011,59384,
THS_PAS,Thousand passengers,NO,Norway,2012,62689,
THS_PAS,Thousand passengers,NO,Norway,2013,67251,
THS_PAS,Thousand passengers,NO,Norway,2014,70341,
THS_PAS,Thousand passengers,NO,Norway,2015,73836,
THS_PAS,Thousand passengers,NO,Norway,2016,74293,
THS_PAS,Thousand passengers,NO,Norway,2017,73561,
THS_PAS,Thousand passengers,NO,Norway,2018,77740,
THS_PAS,Thousand passengers,NO,Norway,2019,80402,
THS_PAS,Thousand passengers,NO,Norway,2020,42599,
THS_PAS,Thousand passengers,NO,Norway,2021,41401,
THS_PAS,Thousand passengers,NO,Norway,2022,66695,
THS_PAS,Thousand passengers,NO,Norway,2023,78220,
THS_PAS,Thousand passengers,NO,Norway,2024,81933,
THS_PAS,Thousand passengers,NO,Norway,2025,84144,
THS_PAS,Thousand passengers,PL,Poland,2004,265677,
THS_PAS,Thousand passengers,PL,Poland,2005,251383,
THS_PAS,Thousand passengers,PL,Poland,2006,254777,
THS_PAS,Thousand passengers,PL,Poland,2007,265995,
THS_PAS,Thousand passengers,PL,Poland,2008,272859,
THS_PAS,Thousand passengers,PL,Poland,2009,264177,
THS_PAS,Thousand passengers,PL,Poland,2010,241976,
THS_PAS,Thousand passengers,PL,Poland,2011,239054,
THS_PAS,Thousand passengers,PL,Poland,2012,266011,
THS_PAS,Thousand passengers,PL,Poland,2013,262382,
THS_PAS,Thousand passengers,PL,Poland,2014,260260,
THS_PAS,Thousand passengers,PL,Poland,2015,269664,
THS_PAS,Thousand passengers,PL,Poland,2016,285094,
THS_PAS,Thousand passengers,PL,Poland,2017,295394,
THS_PAS,Thousand passengers,PL,Poland,2025,431761,
THS_PAS,Thousand passengers,PT,Portugal,2004,152786,
THS_PAS,Thousand passengers,PT,Portugal,2005,151384,
THS_PAS,Thousand passengers,PT,Portugal,2006,150365,
THS_PAS,Thousand passengers,PT,Portugal,2007,156712,
THS_PAS,Thousand passengers,PT,Portugal,2008,158455,
THS_PAS,Thousand passengers,PT,Portugal,2009,153794,
THS_PAS,Thousand passengers,PT,Portugal,2010,152997,
THS_PAS,Thousand passengers,PT,Portugal,2011,149189,
THS_PAS,Thousand passengers,PT,Portugal,2012,132212,
THS_PAS,Thousand passengers,PT,Portugal,2013,126079,
THS_PAS,Thousand passengers,PT,Portugal,2014,128295,
THS_PAS,Thousand passengers,PT,Portugal,2015,130421,
THS_PAS,Thousand passengers,PT,Portugal,2016,133472,
THS_PAS,Thousand passengers,PT,Portugal,2017,142127,
THS_PAS,Thousand passengers,PT,Portugal,2018,147581,
THS_PAS,Thousand passengers,PT,Portugal,2019,175511,
THS_PAS,Thousand passengers,PT,Portugal,2020,102247,
THS_PAS,Thousand passengers,PT,Portugal,2021,120702,
THS_PAS,Thousand passengers,PT,Portugal,2022,171653,
THS_PAS,Thousand passengers,PT,Portugal,2023,200459,
THS_PAS,Thousand passengers,PT,Portugal,2024,218886,
THS_PAS,Thousand passengers,PT,Portugal,2025,240758,
THS_PAS,Thousand passengers,RO,Romania,2004,99433,
THS_PAS,Thousand passengers,RO,Romania,2005,92424,
THS_PAS,Thousand passengers,RO,Romania,2006,94441,
THS_PAS,Thousand passengers,RO,Romania,2007,88263,
THS_PAS,Thousand passengers,RO,Romania,2008,78252,
THS_PAS,Thousand passengers,RO,Romania,2009,70332,
THS_PAS,Thousand passengers,RO,Romania,2010,64272,
THS_PAS,Thousand passengers,RO,Romania,2011,60971,
THS_PAS,Thousand passengers,RO,Romania,2012,57530,
THS_PAS,Thousand passengers,RO,Romania,2013,57393,
THS_PAS,Thousand passengers,RO,Romania,2014,64751,
THS_PAS,Thousand passengers,RO,Romania,2015,66479,
THS_PAS,Thousand passengers,RO,Romania,2016,64455,
THS_PAS,Thousand passengers,RO,Romania,2017,69056,
THS_PAS,Thousand passengers,RO,Romania,2018,66500,
THS_PAS,Thousand passengers,RO,Romania,2019,69707,
THS_PAS,Thousand passengers,RO,Romania,2020,50559,
THS_PAS,Thousand passengers,RO,Romania,2021,54937,
THS_PAS,Thousand passengers,RO,Romania,2022,70464,
THS_PAS,Thousand passengers,RO,Romania,2023,74278,
THS_PAS,Thousand passengers,RO,Romania,2024,70802,
THS_PAS,Thousand passengers,RO,Romania,2025,64371,
THS_PAS,Thousand passengers,SE,Sweden,2004,146615,
THS_PAS,Thousand passengers,SE,Sweden,2005,150058,
THS_PAS,Thousand passengers,SE,Sweden,2006,159067,
THS_PAS,Thousand passengers,SE,Sweden,2007,169061,
THS_PAS,Thousand passengers,SE,Sweden,2008,178929,
THS_PAS,Thousand passengers,SE,Sweden,2009,179095,
THS_PAS,Thousand passengers,SE,Sweden,2010,179343,
THS_PAS,Thousand passengers,SE,Sweden,2011,187055,
THS_PAS,Thousand passengers,SE,Sweden,2012,193163,
THS_PAS,Thousand passengers,SE,Sweden,2013,200706,
THS_PAS,Thousand passengers,SE,Sweden,2014,207280,
THS_PAS,Thousand passengers,SE,Sweden,2015,214434,
THS_PAS,Thousand passengers,SE,Sweden,2016,220945,
THS_PAS,Thousand passengers,SE,Sweden,2017,229817,
THS_PAS,Thousand passengers,SE,Sweden,2018,246490,
THS_PAS,Thousand passengers,SE,Sweden,2019,264603,
THS_PAS,Thousand passengers,SE,Sweden,2020,169163,
THS_PAS,Thousand passengers,SE,Sweden,2021,164490,
THS_PAS,Thousand passengers,SE,Sweden,2022,243972,
THS_PAS,Thousand passengers,SE,Sweden,2023,243442,
THS_PAS,Thousand passengers,SE,Sweden,2024,252371,
THS_PAS,Thousand passengers,SE,Sweden,2025,243308,
THS_PAS,Thousand passengers,SI,Slovenia,2004,14455,
THS_PAS,Thousand passengers,SI,Slovenia,2005,15402,
THS_PAS,Thousand passengers,SI,Slovenia,2006,15750,
THS_PAS,Thousand passengers,SI,Slovenia,2007,15716,
THS_PAS,Thousand passengers,SI,Slovenia,2008,16257,
THS_PAS,Thousand passengers,SI,Slovenia,2009,15971,
THS_PAS,Thousand passengers,SI,Slovenia,2010,15782,
THS_PAS,Thousand passengers,SI,Slovenia,2011,15317,
THS_PAS,Thousand passengers,SI,Slovenia,2012,15086,
THS_PAS,Thousand passengers,SI,Slovenia,2013,15995,
THS_PAS,Thousand passengers,SI,Slovenia,2014,14435,
THS_PAS,Thousand passengers,SI,Slovenia,2015,14135,
THS_PAS,Thousand passengers,SI,Slovenia,2016,13650,
THS_PAS,Thousand passengers,SI,Slovenia,2017,13002,
THS_PAS,Thousand passengers,SI,Slovenia,2018,13105,
THS_PAS,Thousand passengers,SI,Slovenia,2019,13259,
THS_PAS,Thousand passengers,SI,Slovenia,2020,7924,
THS_PAS,Thousand passengers,SI,Slovenia,2021,11663,
THS_PAS,Thousand passengers,SI,Slovenia,2022,13909,
THS_PAS,Thousand passengers,SI,Slovenia,2023,14483,
THS_PAS,Thousand passengers,SI,Slovenia,2024,15704,
THS_PAS,Thousand passengers,SI,Slovenia,2025,19865,
THS_PAS,Thousand passengers,SK,Slovakia,2004,50325,
THS_PAS,Thousand passengers,SK,Slovakia,2005,50458,
THS_PAS,Thousand passengers,SK,Slovakia,2006,48438,
THS_PAS,Thousand passengers,SK,Slovakia,2007,46984,
THS_PAS,Thousand passengers,SK,Slovakia,2008,48655,
THS_PAS,Thousand passengers,SK,Slovakia,2009,46597,
THS_PAS,Thousand passengers,SK,Slovakia,2010,46509,
THS_PAS,Thousand passengers,SK,Slovakia,2011,47453,
THS_PAS,Thousand passengers,SK,Slovakia,2012,44609,
THS_PAS,Thousand passengers,SK,Slovakia,2013,45946,
THS_PAS,Thousand passengers,SK,Slovakia,2014,49098,
THS_PAS,Thousand passengers,SK,Slovakia,2015,60292,
THS_PAS,Thousand passengers,SK,Slovakia,2016,69150,
THS_PAS,Thousand passengers,SK,Slovakia,2017,74916,
THS_PAS,Thousand passengers,SK,Slovakia,2018,77265,
THS_PAS,Thousand passengers,SK,Slovakia,2019,80671,
THS_PAS,Thousand passengers,SK,Slovakia,2020,49421,
THS_PAS,Thousand passengers,SK,Slovakia,2021,45858,
THS_PAS,Thousand passengers,SK,Slovakia,2022,66705,
THS_PAS,Thousand passengers,SK,Slovakia,2023,71689,
THS_PAS,Thousand passengers,SK,Slovakia,2024,72056,
THS_PAS,Thousand passengers,SK,Slovakia,2025,74238,
THS_PAS,Thousand passengers,TR,Türkiye,2004,76756,
THS_PAS,Thousand passengers,TR,Türkiye,2005,76306,
THS_PAS,Thousand passengers,TR,Türkiye,2006,77414,
THS_PAS,Thousand passengers,TR,Türkiye,2007,81260,
THS_PAS,Thousand passengers,TR,Türkiye,2008,79187,
THS_PAS,Thousand passengers,TR,Türkiye,2009,80093,
THS_PAS,Thousand passengers,TR,Türkiye,2010,84174,
THS_PAS,Thousand passengers,TR,Türkiye,2011,26371,
THS_PAS,Thousand passengers,TR,Türkiye,2012,19871,
THS_PAS,Thousand passengers,TR,Türkiye,2013,20989,
THS_PAS,Thousand passengers,TR,Türkiye,2014,23003,
THS_PAS,Thousand passengers,TR,Türkiye,2015,23278,
THS_PAS,Thousand passengers,TR,Türkiye,2016,20960,
THS_PAS,Thousand passengers,TR,Türkiye,2017,22563,
THS_PAS,Thousand passengers,TR,Türkiye,2018,24289,
THS_PAS,Thousand passengers,TR,Türkiye,2019,26204,
THS_PAS,Thousand passengers,TR,Türkiye,2020,6446,
THS_PAS,Thousand passengers,TR,Türkiye,2021,10020,
THS_PAS,Thousand passengers,TR,Türkiye,2022,27031,
THS_PAS,Thousand passengers,TR,Türkiye,2023,25610,
THS_PAS,Thousand passengers,TR,Türkiye,2024,24021,
THS_PAS,Thousand passengers,TR,Türkiye,2025,21733,
THS_PAS,Thousand passengers,UA,Ukraine,2020,68332,
THS_PAS,Thousand passengers,UA,Ukraine,2021,81335,
THS_PAS,Thousand passengers,UA,Ukraine,2022,52690,
THS_PAS,Thousand passengers,UA,Ukraine,2023,64930,
THS_PAS,Thousand passengers,UA,Ukraine,2024,65737,
THS_PAS,Thousand passengers,UA,Ukraine,2025,62995,
THS_PAS,Thousand passengers,UK,United Kingdom,2004,1069673,
THS_PAS,Thousand passengers,UK,United Kingdom,2005,1103610,
THS_PAS,Thousand passengers,UK,United Kingdom,2006,1156726,
THS_PAS,Thousand passengers,UK,United Kingdom,2007,1238186,
THS_PAS,Thousand passengers,UK,United Kingdom,2008,1304120,
THS_PAS,Thousand passengers,UK,United Kingdom,2009,1270934,
THS_PAS,Thousand passengers,UK,United Kingdom,2010,1365918,
THS_PAS,Thousand passengers,UK,United Kingdom,2011,1463068,
THS_PAS,Thousand passengers,UK,United Kingdom,2012,1543261,
THS_PAS,Thousand passengers,UK,United Kingdom,2013,1599484,
THS_PAS,Thousand passengers,UK,United Kingdom,2014,1679746,
THS_PAS,Thousand passengers,UK,United Kingdom,2015,1741562,
THS_PAS,Thousand passengers,UK,United Kingdom,2016,1772563,
THS_PAS,Thousand passengers,UK,United Kingdom,2017,1757359,
THS_PAS,Thousand passengers,UK,United Kingdom,2018,1783232,
THS_PAS,Thousand passengers,UK,United Kingdom,2019,1836886,
