unit,unit_label,geo,geo_label,period,value,flag
MIO_TKM,Million tonne-kilometre (TKM),AT,Austria,2004,18757,
MIO_TKM,Million tonne-kilometre (TKM),AT,Austria,2005,18957,
MIO_TKM,Million tonne-kilometre (TKM),AT,Austria,2006,20980,
MIO_TKM,Million tonne-kilometre (TKM),AT,Austria,2007,21371,
MIO_TKM,Million tonne-kilometre (TKM),AT,Austria,2008,21915,
MIO_TKM,Million tonne-kilometre (TKM),AT,Austria,2009,17767,
MIO_TKM,Million tonne-kilometre (TKM),AT,Austria,2010,19833,
MIO_TKM,Million tonne-kilometre (TKM),AT,Austria,2011,20345,
MIO_TKM,Million tonne-kilometre (TKM),AT,Austria,2012,19499,
MIO_TKM,Million tonne-kilometre (TKM),AT,Austria,2013,19356,
MIO_TKM,Million tonne-kilometre (TKM),AT,Austria,2014,20746,
MIO_TKM,Million tonne-kilometre (TKM),AT,Austria,2015,20814,
MIO_TKM,Million tonne-kilometre (TKM),AT,Austria,2016,21361,
MIO_TKM,Million tonne-kilometre (TKM),AT,Austria,2017,22256,
MIO_TKM,Million tonne-kilometre (TKM),AT,Austria,2018,21996,
MIO_TKM,Million tonne-kilometre (TKM),AT,Austria,2019,21736,
MIO_TKM,Million tonne-kilometre (TKM),AT,Austria,2020,20498,
MIO_TKM,Million tonne-kilometre (TKM),AT,Austria,2021,21980,
MIO_TKM,Million tonne-kilometre (TKM),AT,Austria,2022,22167,
MIO_TKM,Million tonne-kilometre (TKM),AT,Austria,2023,20205,
MIO_TKM,Million tonne-kilometre (TKM),AT,Austria,2024,20997,
MIO_TKM,Million tonne-kilometre (TKM),AT,Austria,2025,21536,
MIO_TKM,Million tonne-kilometre (TKM),BA,Bosnia and Herzegovina,2014,1313,
MIO_TKM,Million tonne-kilometre (TKM),BA,Bosnia and Herzegovina,2015,1285,
MIO_TKM,Million tonne-kilometre (TKM),BA,Bosnia and Herzegovina,2016,1142,
MIO_TKM,Million tonne-kilometre (TKM),BA,Bosnia and Herzegovina,2017,1116,
MIO_TKM,Million tonne-kilometre (TKM),BA,Bosnia and Herzegovina,2018,1179,
MIO_TKM,Million tonne-kilometre (TKM),BA,Bosnia and Herzegovina,2019,1275,
MIO_TKM,Million tonne-kilometre (TKM),BA,Bosnia and Herzegovina,2020,1030,
MIO_TKM,Million tonne-kilometre (TKM),BA,Bosnia and Herzegovina,2021,1181,
MIO_TKM,Million tonne-kilometre (TKM),BA,Bosnia and Herzegovina,2022,1250,
MIO_TKM,Million tonne-kilometre (TKM),BA,Bosnia and Herzegovina,2023,1262,
MIO_TKM,Million tonne-kilometre (TKM),BA,Bosnia and Herzegovina,2024,1019,
MIO_TKM,Million tonne-kilometre (TKM),BA,Bosnia and Herzegovina,2025,787,
MIO_TKM,Million tonne-kilometre (TKM),BE,Belgium,2007,9258,
MIO_TKM,Million tonne-kilometre (TKM),BE,Belgium,2008,8927,
MIO_TKM,Million tonne-kilometre (TKM),BE,Belgium,2009,6374,
MIO_TKM,Million tonne-kilometre (TKM),BE,Belgium,2010,7476,
MIO_TKM,Million tonne-kilometre (TKM),BE,Belgium,2011,7593,
MIO_TKM,Million tonne-kilometre (TKM),BG,Bulgaria,2006,5396,
MIO_TKM,Million tonne-kilometre (TKM),BG,Bulgaria,2007,5241,
MIO_TKM,Million tonne-kilometre (TKM),BG,Bulgaria,2008,4693,
MIO_TKM,Million tonne-kilometre (TKM),BG,Bulgaria,2009,3145,
MIO_TKM,Million tonne-kilometre (TKM),BG,Bulgaria,2010,3064,
MIO_TKM,Million tonne-kilometre (TKM),BG,Bulgaria,2011,3291,
MIO_TKM,Million tonne-kilometre (TKM),BG,Bulgaria,2012,2907,
MIO_TKM,Million tonne-kilometre (TKM),BG,Bulgaria,2013,3246,
MIO_TKM,Million tonne-kilometre (TKM),BG,Bulgaria,2014,3439,
MIO_TKM,Million tonne-kilometre (TKM),BG,Bulgaria,2015,3650,
MIO_TKM,Million tonne-kilometre (TKM),BG,Bulgaria,2016,3434,
MIO_TKM,Million tonne-kilometre (TKM),BG,Bulgaria,2017,3931,
MIO_TKM,Million tonne-kilometre (TKM),BG,Bulgaria,2018,3824,
MIO_TKM,Million tonne-kilometre (TKM),BG,Bulgaria,2019,3902,
MIO_TKM,Million tonne-kilometre (TKM),BG,Bulgaria,2020,4503,
MIO_TKM,Million tonne-kilometre (TKM),BG,Bulgaria,2021,4657,
MIO_TKM,Million tonne-kilometre (TKM),BG,Bulgaria,2022,5239,
MIO_TKM,Million tonne-kilometre (TKM),BG,Bulgaria,2023,4555,
MIO_TKM,Million tonne-kilometre (TKM),BG,Bulgaria,2024,4369,
MIO_TKM,Million tonne-kilometre (TKM),BG,Bulgaria,2025,3998,
MIO_TKM,Million tonne-kilometre (TKM),CH,Switzerland,2008,12265,
MIO_TKM,Million tonne-kilometre (TKM),CH,Switzerland,2009,10565,
MIO_TKM,Million tonne-kilometre (TKM),CH,Switzerland,2010,11074,
MIO_TKM,Million tonne-kilometre (TKM),CH,Switzerland,2011,11526,
MIO_TKM,Million tonne-kilometre (TKM),CH,Switzerland,2012,11061,
MIO_TKM,Million tonne-kilometre (TKM),CH,Switzerland,2013,11812,
MIO_TKM,Million tonne-kilometre (TKM),CH,Switzerland,2014,12313,
MIO_TKM,Million tonne-kilometre (TKM),CH,Switzerland,2015,12431,
MIO_TKM,Million tonne-kilometre (TKM),CH,Switzerland,2016,12447,
MIO_TKM,Million tonne-kilometre (TKM),CH,Switzerland,2017,11653,
MIO_TKM,Million tonne-kilometre (TKM),CH,Switzerland,2018,11776,
MIO_TKM,Million tonne-kilometre (TKM),CH,Switzerland,2019,11666,
MIO_TKM,Million tonne-kilometre (TKM),CH,Switzerland,2020,11063,
MIO_TKM,Million tonne-kilometre (TKM),CH,Switzerland,2021,12023,
MIO_TKM,Million tonne-kilometre (TKM),CH,Switzerland,2022,12135,
MIO_TKM,Million tonne-kilometre (TKM),CH,Switzerland,2023,11540,
MIO_TKM,Million tonne-kilometre (TKM),CH,Switzerland,2024,11280,
MIO_TKM,Million tonne-kilometre (TKM),CH,Switzerland,2025,10669,
MIO_TKM,Million tonne-kilometre (TKM),CZ,Czechia,2004,15092,
MIO_TKM,Million tonne-kilometre (TKM),CZ,Czechia,2005,14866,
MIO_TKM,Million tonne-kilometre (TKM),CZ,Czechia,2006,15779,
MIO_TKM,Million tonne-kilometre (TKM),CZ,Czechia,2007,16304,
MIO_TKM,Million tonne-kilometre (TKM),CZ,Czechia,2008,15437,
MIO_TKM,Million tonne-kilometre (TKM),CZ,Czechia,2009,12791,
MIO_TKM,Million tonne-kilometre (TKM),CZ,Czechia,2010,13770,
MIO_TKM,Million tonne-kilometre (TKM),CZ,Czechia,2011,14316,
MIO_TKM,Million tonne-kilometre (TKM),CZ,Czechia,2012,14267,
MIO_TKM,Million tonne-kilometre (TKM),CZ,Czechia,2013,13965,
MIO_TKM,Million tonne-kilometre (TKM),CZ,Czechia,2014,14575,
MIO_TKM,Million tonne-kilometre (TKM),CZ,Czechia,2015,15261,
MIO_TKM,Million tonne-kilometre (TKM),CZ,Czechia,2016,15619,
MIO_TKM,Million tonne-kilometre (TKM),CZ,Czechia,2017,15843,
MIO_TKM,Million tonne-kilometre (TKM),CZ,Czechia,2018,16564,
MIO_TKM,Million tonne-kilometre (TKM),CZ,Czechia,2019,16180,
MIO_TKM,Million tonne-kilometre (TKM),CZ,Czechia,2020,15251,
MIO_TKM,Million tonne-kilometre (TKM),CZ,Czechia,2021,16326,
MIO_TKM,Million tonne-kilometre (TKM),CZ,Czechia,2022,16368,
MIO_TKM,Million tonne-kilometre (TKM),CZ,Czechia,2023,15038,
MIO_TKM,Million tonne-kilometre (TKM),CZ,Czechia,2024,14853,
MIO_TKM,Million tonne-kilometre (TKM),CZ,Czechia,2025,14251,
MIO_TKM,Million tonne-kilometre (TKM),DE,Germany,2004,86409,
MIO_TKM,Million tonne-kilometre (TKM),DE,Germany,2005,95420,
MIO_TKM,Million tonne-kilometre (TKM),DE,Germany,2006,107007,
MIO_TKM,Million tonne-kilometre (TKM),DE,Germany,2007,114615,
MIO_TKM,Million tonne-kilometre (TKM),DE,Germany,2008,115652,
MIO_TKM,Million tonne-kilometre (TKM),DE,Germany,2009,95834,
MIO_TKM,Million tonne-kilometre (TKM),DE,Germany,2010,107317,
MIO_TKM,Million tonne-kilometre (TKM),DE,Germany,2011,113317,
MIO_TKM,Million tonne-kilometre (TKM),DE,Germany,2012,110065,
MIO_TKM,Million tonne-kilometre (TKM),DE,Germany,2013,112613,
MIO_TKM,Million tonne-kilometre (TKM),DE,Germany,2014,112629,
MIO_TKM,Million tonne-kilometre (TKM),DE,Germany,2015,116632,
MIO_TKM,Million tonne-kilometre (TKM),DE,Germany,2016,135875,
MIO_TKM,Million tonne-kilometre (TKM),DE,Germany,2017,126897,
MIO_TKM,Million tonne-kilometre (TKM),DE,Germany,2018,127620,
MIO_TKM,Million tonne-kilometre (TKM),DE,Germany,2019,128545,
MIO_TKM,Million tonne-kilometre (TKM),DE,Germany,2020,109219,
MIO_TKM,Million tonne-kilometre (TKM),DE,Germany,2021,123935,
MIO_TKM,Million tonne-kilometre (TKM),DE,Germany,2022,128637,
MIO_TKM,Million tonne-kilometre (TKM),DE,Germany,2023,129090,
MIO_TKM,Million tonne-kilometre (TKM),DE,Germany,2024,127006,
MIO_TKM,Million tonne-kilometre (TKM),DE,Germany,2025,123502,
MIO_TKM,Million tonne-kilometre (TKM),DK,Denmark,2004,2321,
MIO_TKM,Million tonne-kilometre (TKM),DK,Denmark,2005,1976,
MIO_TKM,Million tonne-kilometre (TKM),DK,Denmark,2006,1892,
MIO_TKM,Million tonne-kilometre (TKM),DK,Denmark,2007,1779,
MIO_TKM,Million tonne-kilometre (TKM),DK,Denmark,2008,1866,
MIO_TKM,Million tonne-kilometre (TKM),DK,Denmark,2009,1700,
MIO_TKM,Million tonne-kilometre (TKM),DK,Denmark,2010,2239,
MIO_TKM,Million tonne-kilometre (TKM),DK,Denmark,2011,2614,
MIO_TKM,Million tonne-kilometre (TKM),DK,Denmark,2012,2278,
MIO_TKM,Million tonne-kilometre (TKM),DK,Denmark,2013,2449,
MIO_TKM,Million tonne-kilometre (TKM),DK,Denmark,2014,2453,
MIO_TKM,Million tonne-kilometre (TKM),DK,Denmark,2015,2603,
MIO_TKM,Million tonne-kilometre (TKM),DK,Denmark,2016,2616,
MIO_TKM,Million tonne-kilometre (TKM),DK,Denmark,2017,2653,
MIO_TKM,Million tonne-kilometre (TKM),DK,Denmark,2018,2594,
MIO_TKM,Million tonne-kilometre (TKM),DK,Denmark,2019,2525,
MIO_TKM,Million tonne-kilometre (TKM),DK,Denmark,2020,2450,
MIO_TKM,Million tonne-kilometre (TKM),DK,Denmark,2021,1986,
MIO_TKM,Million tonne-kilometre (TKM),DK,Denmark,2022,2211,
MIO_TKM,Million tonne-kilometre (TKM),DK,Denmark,2023,1906,
MIO_TKM,Million tonne-kilometre (TKM),DK,Denmark,2024,1802,
MIO_TKM,Million tonne-kilometre (TKM),EE,Estonia,2004,10488,
MIO_TKM,Million tonne-kilometre (TKM),EE,Estonia,2005,10639,
MIO_TKM,Million tonne-kilometre (TKM),EE,Estonia,2006,10418,
MIO_TKM,Million tonne-kilometre (TKM),EE,Estonia,2007,8430,
MIO_TKM,Million tonne-kilometre (TKM),EE,Estonia,2008,5943,
MIO_TKM,Million tonne-kilometre (TKM),EE,Estonia,2009,5947,
MIO_TKM,Million tonne-kilometre (TKM),EE,Estonia,2010,6638,
MIO_TKM,Million tonne-kilometre (TKM),EE,Estonia,2011,6271,
MIO_TKM,Million tonne-kilometre (TKM),EE,Estonia,2012,5129,
MIO_TKM,Million tonne-kilometre (TKM),EE,Estonia,2013,4722,
MIO_TKM,Million tonne-kilometre (TKM),EE,Estonia,2014,3256,
MIO_TKM,Million tonne-kilometre (TKM),EE,Estonia,2015,3117,
MIO_TKM,Million tonne-kilometre (TKM),EE,Estonia,2016,2340,
MIO_TKM,Million tonne-kilometre (TKM),EE,Estonia,2017,2325,
MIO_TKM,Million tonne-kilometre (TKM),EE,Estonia,2018,2588,
MIO_TKM,Million tonne-kilometre (TKM),EE,Estonia,2019,2155,
MIO_TKM,Million tonne-kilometre (TKM),EE,Estonia,2020,1729,
MIO_TKM,Million tonne-kilometre (TKM),EE,Estonia,2021,2124,
MIO_TKM,Million tonne-kilometre (TKM),EE,Estonia,2022,1286,
MIO_TKM,Million tonne-kilometre (TKM),EE,Estonia,2023,771,
MIO_TKM,Million tonne-kilometre (TKM),EE,Estonia,2024,595,
MIO_TKM,Million tonne-kilometre (TKM),EE,Estonia,2025,492,
MIO_TKM,Million tonne-kilometre (TKM),EL,Greece,2004,592,
MIO_TKM,Million tonne-kilometre (TKM),EL,Greece,2005,613,
MIO_TKM,Million tonne-kilometre (TKM),EL,Greece,2006,662,
MIO_TKM,Million tonne-kilometre (TKM),EL,Greece,2007,835,
MIO_TKM,Million tonne-kilometre (TKM),EL,Greece,2008,786,
MIO_TKM,Million tonne-kilometre (TKM),EL,Greece,2009,552,
MIO_TKM,Million tonne-kilometre (TKM),EL,Greece,2010,614,
MIO_TKM,Million tonne-kilometre (TKM),EL,Greece,2011,352,
MIO_TKM,Million tonne-kilometre (TKM),EL,Greece,2012,283,
MIO_TKM,Million tonne-kilometre (TKM),EL,Greece,2013,237,
MIO_TKM,Million tonne-kilometre (TKM),EL,Greece,2014,311,
MIO_TKM,Million tonne-kilometre (TKM),EL,Greece,2015,294,
MIO_TKM,Million tonne-kilometre (TKM),EL,Greece,2016,254,
MIO_TKM,Million tonne-kilometre (TKM),EL,Greece,2017,358,
MIO_TKM,Million tonne-kilometre (TKM),ES,Spain,2004,12436,
MIO_TKM,Million tonne-kilometre (TKM),ES,Spain,2005,11585,
MIO_TKM,Million tonne-kilometre (TKM),ES,Spain,2006,11541,
MIO_TKM,Million tonne-kilometre (TKM),ES,Spain,2007,11237,
MIO_TKM,Million tonne-kilometre (TKM),ES,Spain,2008,10959,
MIO_TKM,Million tonne-kilometre (TKM),ES,Spain,2009,7806,
MIO_TKM,Million tonne-kilometre (TKM),ES,Spain,2010,8913,
MIO_TKM,Million tonne-kilometre (TKM),ES,Spain,2011,9451,
MIO_TKM,Million tonne-kilometre (TKM),ES,Spain,2012,9458,
MIO_TKM,Million tonne-kilometre (TKM),ES,Spain,2013,9338,
MIO_TKM,Million tonne-kilometre (TKM),ES,Spain,2014,10385,
MIO_TKM,Million tonne-kilometre (TKM),ES,Spain,2015,11028,
MIO_TKM,Million tonne-kilometre (TKM),ES,Spain,2016,10550,
MIO_TKM,Million tonne-kilometre (TKM),ES,Spain,2017,10549,
MIO_TKM,Million tonne-kilometre (TKM),ES,Spain,2018,10650,
MIO_TKM,Million tonne-kilometre (TKM),ES,Spain,2019,10710,
MIO_TKM,Million tonne-kilometre (TKM),ES,Spain,2020,8920,
MIO_TKM,Million tonne-kilometre (TKM),ES,Spain,2021,10299,
MIO_TKM,Million tonne-kilometre (TKM),ES,Spain,2022,10566,
MIO_TKM,Million tonne-kilometre (TKM),ES,Spain,2023,9972,
MIO_TKM,Million tonne-kilometre (TKM),ES,Spain,2024,9349,
MIO_TKM,Million tonne-kilometre (TKM),ES,Spain,2025,9807,
MIO_TKM,Million tonne-kilometre (TKM),EU27_2007,European Union - 27 countries (2007-2013),2007,448414,
MIO_TKM,Million tonne-kilometre (TKM),EU27_2007,European Union - 27 countries (2007-2013),2008,439440,
MIO_TKM,Million tonne-kilometre (TKM),EU27_2007,European Union - 27 countries (2007-2013),2009,360900,
MIO_TKM,Million tonne-kilometre (TKM),EU27_2007,European Union - 27 countries (2007-2013),2010,390911,
MIO_TKM,Million tonne-kilometre (TKM),EU27_2007,European Union - 27 countries (2007-2013),2011,419659,
MIO_TKM,Million tonne-kilometre (TKM),EU27_2020,European Union - 27 countries (from 2020),2007,430724,
MIO_TKM,Million tonne-kilometre (TKM),EU27_2020,European Union - 27 countries (from 2020),2008,421675,
MIO_TKM,Million tonne-kilometre (TKM),EU27_2020,European Union - 27 countries (from 2020),2009,344369,
MIO_TKM,Million tonne-kilometre (TKM),EU27_2020,European Union - 27 countries (from 2020),2010,374952,
MIO_TKM,Million tonne-kilometre (TKM),EU27_2020,European Union - 27 countries (from 2020),2011,401124,
MIO_TKM,Million tonne-kilometre (TKM),EU28,European Union - 28 countries (2013-2020),2007,451989,
MIO_TKM,Million tonne-kilometre (TKM),EU28,European Union - 28 countries (2013-2020),2008,442752,
MIO_TKM,Million tonne-kilometre (TKM),EU28,European Union - 28 countries (2013-2020),2009,363541,
MIO_TKM,Million tonne-kilometre (TKM),EU28,European Union - 28 countries (2013-2020),2010,393529,
MIO_TKM,Million tonne-kilometre (TKM),EU28,European Union - 28 countries (2013-2020),2011,422098,
MIO_TKM,Million tonne-kilometre (TKM),FI,Finland,2004,10105,
MIO_TKM,Million tonne-kilometre (TKM),FI,Finland,2005,9706,
MIO_TKM,Million tonne-kilometre (TKM),FI,Finland,2006,11060,
MIO_TKM,Million tonne-kilometre (TKM),FI,Finland,2007,10434,
MIO_TKM,Million tonne-kilometre (TKM),FI,Finland,2008,10777,
MIO_TKM,Million tonne-kilometre (TKM),FI,Finland,2009,8872,
MIO_TKM,Million tonne-kilometre (TKM),FI,Finland,2010,9750,
MIO_TKM,Million tonne-kilometre (TKM),FI,Finland,2011,9395,
MIO_TKM,Million tonne-kilometre (TKM),FI,Finland,2012,9275,
MIO_TKM,Million tonne-kilometre (TKM),FI,Finland,2013,9470,
MIO_TKM,Million tonne-kilometre (TKM),FI,Finland,2014,9597,
MIO_TKM,Million tonne-kilometre (TKM),FI,Finland,2015,8468,
MIO_TKM,Million tonne-kilometre (TKM),FI,Finland,2016,9456,
MIO_TKM,Million tonne-kilometre (TKM),FI,Finland,2017,10362,
MIO_TKM,Million tonne-kilometre (TKM),FI,Finland,2018,11175,
MIO_TKM,Million tonne-kilometre (TKM),FI,Finland,2019,10271,
MIO_TKM,Million tonne-kilometre (TKM),FI,Finland,2020,10137,
MIO_TKM,Million tonne-kilometre (TKM),FI,Finland,2021,10750,
MIO_TKM,Million tonne-kilometre (TKM),FI,Finland,2022,8844,
MIO_TKM,Million tonne-kilometre (TKM),FI,Finland,2023,7869,
MIO_TKM,Million tonne-kilometre (TKM),FI,Finland,2024,8226,
MIO_TKM,Million tonne-kilometre (TKM),FR,France,2004,45121,
MIO_TKM,Million tonne-kilometre (TKM),FR,France,2005,40701,
MIO_TKM,Million tonne-kilometre (TKM),FR,France,2006,41179,
MIO_TKM,Million tonne-kilometre (TKM),FR,France,2007,42612,
MIO_TKM,Million tonne-kilometre (TKM),FR,France,2008,40436,
MIO_TKM,Million tonne-kilometre (TKM),FR,France,2009,32129,
MIO_TKM,Million tonne-kilometre (TKM),FR,France,2010,29965,
MIO_TKM,Million tonne-kilometre (TKM),FR,France,2011,34202,
MIO_TKM,Million tonne-kilometre (TKM),FR,France,2012,32539,
MIO_TKM,Million tonne-kilometre (TKM),FR,France,2013,32230,
MIO_TKM,Million tonne-kilometre (TKM),FR,France,2014,32596,
MIO_TKM,Million tonne-kilometre (TKM),FR,France,2015,36328,
MIO_TKM,Million tonne-kilometre (TKM),FR,France,2016,34714,
MIO_TKM,Million tonne-kilometre (TKM),FR,France,2017,35481,
MIO_TKM,Million tonne-kilometre (TKM),FR,France,2018,33850,
MIO_TKM,Million tonne-kilometre (TKM),FR,France,2019,33909,
MIO_TKM,Million tonne-kilometre (TKM),FR,France,2020,31297,
MIO_TKM,Million tonne-kilometre (TKM),FR,France,2021,35770,
MIO_TKM,Million tonne-kilometre (TKM),FR,France,2022,35282,
MIO_TKM,Million tonne-kilometre (TKM),FR,France,2023,29399,
MIO_TKM,Million tonne-kilometre (TKM),FR,France,2024,32249,
MIO_TKM,Million tonne-kilometre (TKM),FR,France,2025,34368,
MIO_TKM,Million tonne-kilometre (TKM),HR,Croatia,2004,2493,
MIO_TKM,Million tonne-kilometre (TKM),HR,Croatia,2005,2835,
MIO_TKM,Million tonne-kilometre (TKM),HR,Croatia,2006,3305,
MIO_TKM,Million tonne-kilometre (TKM),HR,Croatia,2007,3574,
MIO_TKM,Million tonne-kilometre (TKM),HR,Croatia,2008,3312,
MIO_TKM,Million tonne-kilometre (TKM),HR,Croatia,2009,2641,
MIO_TKM,Million tonne-kilometre (TKM),HR,Croatia,2010,2618,
MIO_TKM,Million tonne-kilometre (TKM),HR,Croatia,2011,2438,
MIO_TKM,Million tonne-kilometre (TKM),HR,Croatia,2012,2332,
MIO_TKM,Million tonne-kilometre (TKM),HR,Croatia,2013,2086,
MIO_TKM,Million tonne-kilometre (TKM),HR,Croatia,2014,2119,
MIO_TKM,Million tonne-kilometre (TKM),HR,Croatia,2015,2184,
MIO_TKM,Million tonne-kilometre (TKM),HR,Croatia,2016,2160,
MIO_TKM,Million tonne-kilometre (TKM),HR,Croatia,2017,2592,
MIO_TKM,Million tonne-kilometre (TKM),HR,Croatia,2018,2743,
MIO_TKM,Million tonne-kilometre (TKM),HR,Croatia,2019,2911,
MIO_TKM,Million tonne-kilometre (TKM),HR,Croatia,2020,3279,
MIO_TKM,Million tonne-kilometre (TKM),HR,Croatia,2021,3172,
MIO_TKM,Million tonne-kilometre (TKM),HR,Croatia,2022,3529,
MIO_TKM,Million tonne-kilometre (TKM),HR,Croatia,2023,3145,
MIO_TKM,Million tonne-kilometre (TKM),HR,Croatia,2024,3293,
MIO_TKM,Million tonne-kilometre (TKM),HR,Croatia,2025,3012,
MIO_TKM,Million tonne-kilometre (TKM),HU,Hungary,2004,8749,
MIO_TKM,Million tonne-kilometre (TKM),HU,Hungary,2005,9090,
MIO_TKM,Million tonne-kilometre (TKM),HU,Hungary,2006,10167,
MIO_TKM,Million tonne-kilometre (TKM),HU,Hungary,2007,10048,
MIO_TKM,Million tonne-kilometre (TKM),HU,Hungary,2008,9874,
MIO_TKM,Million tonne-kilometre (TKM),HU,Hungary,2009,7673,
MIO_TKM,Million tonne-kilometre (TKM),HU,Hungary,2010,8809,
MIO_TKM,Million tonne-kilometre (TKM),HU,Hungary,2011,9118,
MIO_TKM,Million tonne-kilometre (TKM),HU,Hungary,2012,9230,
MIO_TKM,Million tonne-kilometre (TKM),HU,Hungary,2013,9722,
MIO_TKM,Million tonne-kilometre (TKM),HU,Hungary,2014,10158,
MIO_TKM,Million tonne-kilometre (TKM),HU,Hungary,2015,10010,
MIO_TKM,Million tonne-kilometre (TKM),HU,Hungary,2016,10528,
MIO_TKM,Million tonne-kilometre (TKM),HU,Hungary,2017,13356,
MIO_TKM,Million tonne-kilometre (TKM),HU,Hungary,2018,10584,
MIO_TKM,Million tonne-kilometre (TKM),HU,Hungary,2019,10625,
MIO_TKM,Million tonne-kilometre (TKM),HU,Hungary,2020,11595,
MIO_TKM,Million tonne-kilometre (TKM),HU,Hungary,2021,11347,
MIO_TKM,Million tonne-kilometre (TKM),HU,Hungary,2022,11351,
MIO_TKM,Million tonne-kilometre (TKM),HU,Hungary,2023,10460,
MIO_TKM,Million tonne-kilometre (TKM),HU,Hungary,2024,10397,
MIO_TKM,Million tonne-kilometre (TKM),HU,Hungary,2025,9096,
MIO_TKM,Million tonne-kilometre (TKM),IE,Ireland,2004,399,
MIO_TKM,Million tonne-kilometre (TKM),IE,Ireland,2005,303,
MIO_TKM,Million tonne-kilometre (TKM),IE,Ireland,2006,205,
MIO_TKM,Million tonne-kilometre (TKM),IE,Ireland,2007,129,
MIO_TKM,Million tonne-kilometre (TKM),IE,Ireland,2008,103,
MIO_TKM,Million tonne-kilometre (TKM),IE,Ireland,2009,79,
MIO_TKM,Million tonne-kilometre (TKM),IE,Ireland,2010,92,
MIO_TKM,Million tonne-kilometre (TKM),IE,Ireland,2011,105,
MIO_TKM,Million tonne-kilometre (TKM),IE,Ireland,2012,91,
MIO_TKM,Million tonne-kilometre (TKM),IE,Ireland,2013,99,
MIO_TKM,Million tonne-kilometre (TKM),IE,Ireland,2014,100,
MIO_TKM,Million tonne-kilometre (TKM),IE,Ireland,2015,96,
MIO_TKM,Million tonne-kilometre (TKM),IE,Ireland,2016,101,
MIO_TKM,Million tonne-kilometre (TKM),IE,Ireland,2017,100,
MIO_TKM,Million tonne-kilometre (TKM),IE,Ireland,2018,89,
MIO_TKM,Million tonne-kilometre (TKM),IE,Ireland,2019,72,
MIO_TKM,Million tonne-kilometre (TKM),IE,Ireland,2020,74,
MIO_TKM,Million tonne-kilometre (TKM),IE,Ireland,2021,70,
MIO_TKM,Million tonne-kilometre (TKM),IE,Ireland,2022,81,
MIO_TKM,Million tonne-kilometre (TKM),IE,Ireland,2023,76,
MIO_TKM,Million tonne-kilometre (TKM),IE,Ireland,2024,67,
MIO_TKM,Million tonne-kilometre (TKM),IE,Ireland,2025,43,
MIO_TKM,Million tonne-kilometre (TKM),IT,Italy,2004,22183,
MIO_TKM,Million tonne-kilometre (TKM),IT,Italy,2005,22761,
MIO_TKM,Million tonne-kilometre (TKM),IT,Italy,2006,24151,
MIO_TKM,Million tonne-kilometre (TKM),IT,Italy,2007,25285,
MIO_TKM,Million tonne-kilometre (TKM),IT,Italy,2008,23831,
MIO_TKM,Million tonne-kilometre (TKM),IT,Italy,2009,17791,
MIO_TKM,Million tonne-kilometre (TKM),IT,Italy,2010,18616,
MIO_TKM,Million tonne-kilometre (TKM),IT,Italy,2011,19787,
MIO_TKM,Million tonne-kilometre (TKM),IT,Italy,2012,20244,
MIO_TKM,Million tonne-kilometre (TKM),IT,Italy,2013,19037,
MIO_TKM,Million tonne-kilometre (TKM),IT,Italy,2014,20157,
MIO_TKM,Million tonne-kilometre (TKM),IT,Italy,2015,20781,
MIO_TKM,Million tonne-kilometre (TKM),IT,Italy,2016,22712,
MIO_TKM,Million tonne-kilometre (TKM),IT,Italy,2017,22335,
MIO_TKM,Million tonne-kilometre (TKM),IT,Italy,2018,22070,
MIO_TKM,Million tonne-kilometre (TKM),IT,Italy,2019,21309,
MIO_TKM,Million tonne-kilometre (TKM),IT,Italy,2020,20750,
MIO_TKM,Million tonne-kilometre (TKM),IT,Italy,2021,24262,
MIO_TKM,Million tonne-kilometre (TKM),IT,Italy,2022,24330,
MIO_TKM,Million tonne-kilometre (TKM),IT,Italy,2023,22693,
MIO_TKM,Million tonne-kilometre (TKM),IT,Italy,2024,22933,
MIO_TKM,Million tonne-kilometre (TKM),IT,Italy,2025,23299,
MIO_TKM,Million tonne-kilometre (TKM),LI,Liechtenstein,2004,21,
MIO_TKM,Million tonne-kilometre (TKM),LI,Liechtenstein,2005,17,
MIO_TKM,Million tonne-kilometre (TKM),LI,Liechtenstein,2006,18,
MIO_TKM,Million tonne-kilometre (TKM),LI,Liechtenstein,2007,18,
MIO_TKM,Million tonne-kilometre (TKM),LI,Liechtenstein,2008,17,
MIO_TKM,Million tonne-kilometre (TKM),LI,Liechtenstein,2009,10,
MIO_TKM,Million tonne-kilometre (TKM),LI,Liechtenstein,2010,11,
MIO_TKM,Million tonne-kilometre (TKM),LI,Liechtenstein,2011,10,
MIO_TKM,Million tonne-kilometre (TKM),LI,Liechtenstein,2012,10,
MIO_TKM,Million tonne-kilometre (TKM),LI,Liechtenstein,2013,9,
MIO_TKM,Million tonne-kilometre (TKM),LI,Liechtenstein,2022,11,
MIO_TKM,Million tonne-kilometre (TKM),LI,Liechtenstein,2023,10,
MIO_TKM,Million tonne-kilometre (TKM),LI,Liechtenstein,2024,7,
MIO_TKM,Million tonne-kilometre (TKM),LI,Liechtenstein,2025,6,
MIO_TKM,Million tonne-kilometre (TKM),LT,Lithuania,2004,11637,
MIO_TKM,Million tonne-kilometre (TKM),LT,Lithuania,2005,12457,
MIO_TKM,Million tonne-kilometre (TKM),LT,Lithuania,2006,12896,
MIO_TKM,Million tonne-kilometre (TKM),LT,Lithuania,2007,14373,
MIO_TKM,Million tonne-kilometre (TKM),LT,Lithuania,2008,14748,
MIO_TKM,Million tonne-kilometre (TKM),LT,Lithuania,2009,11888,
MIO_TKM,Million tonne-kilometre (TKM),LT,Lithuania,2010,13431,
MIO_TKM,Million tonne-kilometre (TKM),LT,Lithuania,2011,15088,
MIO_TKM,Million tonne-kilometre (TKM),LT,Lithuania,2012,14172,
MIO_TKM,Million tonne-kilometre (TKM),LT,Lithuania,2013,13344,
MIO_TKM,Million tonne-kilometre (TKM),LT,Lithuania,2014,14307,
MIO_TKM,Million tonne-kilometre (TKM),LT,Lithuania,2015,14036,
MIO_TKM,Million tonne-kilometre (TKM),LT,Lithuania,2016,13790,
MIO_TKM,Million tonne-kilometre (TKM),LT,Lithuania,2017,15414,
MIO_TKM,Million tonne-kilometre (TKM),LT,Lithuania,2018,16885,
MIO_TKM,Million tonne-kilometre (TKM),LT,Lithuania,2019,16181,
MIO_TKM,Million tonne-kilometre (TKM),LT,Lithuania,2020,15865,
MIO_TKM,Million tonne-kilometre (TKM),LT,Lithuania,2021,14566,
MIO_TKM,Million tonne-kilometre (TKM),LT,Lithuania,2022,7375,
MIO_TKM,Million tonne-kilometre (TKM),LT,Lithuania,2023,6307,
MIO_TKM,Million tonne-kilometre (TKM),LT,Lithuania,2024,5905,
MIO_TKM,Million tonne-kilometre (TKM),LT,Lithuania,2025,5552,
MIO_TKM,Million tonne-kilometre (TKM),LU,Luxembourg,2004,559,
MIO_TKM,Million tonne-kilometre (TKM),LU,Luxembourg,2005,392,
MIO_TKM,Million tonne-kilometre (TKM),LU,Luxembourg,2006,441,
MIO_TKM,Million tonne-kilometre (TKM),LU,Luxembourg,2007,574,
MIO_TKM,Million tonne-kilometre (TKM),LU,Luxembourg,2008,279,
MIO_TKM,Million tonne-kilometre (TKM),LU,Luxembourg,2009,200,
MIO_TKM,Million tonne-kilometre (TKM),LU,Luxembourg,2010,323,
MIO_TKM,Million tonne-kilometre (TKM),LU,Luxembourg,2011,288,
MIO_TKM,Million tonne-kilometre (TKM),LU,Luxembourg,2012,231,
MIO_TKM,Million tonne-kilometre (TKM),LU,Luxembourg,2013,218,
MIO_TKM,Million tonne-kilometre (TKM),LU,Luxembourg,2014,208,
MIO_TKM,Million tonne-kilometre (TKM),LU,Luxembourg,2015,207,
MIO_TKM,Million tonne-kilometre (TKM),LU,Luxembourg,2016,201,
MIO_TKM,Million tonne-kilometre (TKM),LU,Luxembourg,2017,213,
MIO_TKM,Million tonne-kilometre (TKM),LU,Luxembourg,2018,223,
MIO_TKM,Million tonne-kilometre (TKM),LU,Luxembourg,2019,191,
MIO_TKM,Million tonne-kilometre (TKM),LU,Luxembourg,2020,218,b
MIO_TKM,Million tonne-kilometre (TKM),LU,Luxembourg,2021,238,
MIO_TKM,Million tonne-kilometre (TKM),LU,Luxembourg,2022,228,
MIO_TKM,Million tonne-kilometre (TKM),LU,Luxembourg,2023,228,
MIO_TKM,Million tonne-kilometre (TKM),LU,Luxembourg,2024,216,
MIO_TKM,Million tonne-kilometre (TKM),LU,Luxembourg,2025,214,
MIO_TKM,Million tonne-kilometre (TKM),LV,Latvia,2004,18618,
MIO_TKM,Million tonne-kilometre (TKM),LV,Latvia,2005,19779,
MIO_TKM,Million tonne-kilometre (TKM),LV,Latvia,2006,16831,
MIO_TKM,Million tonne-kilometre (TKM),LV,Latvia,2007,18313,
MIO_TKM,Million tonne-kilometre (TKM),LV,Latvia,2008,19581,
MIO_TKM,Million tonne-kilometre (TKM),LV,Latvia,2009,18725,
MIO_TKM,Million tonne-kilometre (TKM),LV,Latvia,2010,17179,
MIO_TKM,Million tonne-kilometre (TKM),LV,Latvia,2011,21410,
MIO_TKM,Million tonne-kilometre (TKM),LV,Latvia,2012,21867,
MIO_TKM,Million tonne-kilometre (TKM),LV,Latvia,2013,19532,
MIO_TKM,Million tonne-kilometre (TKM),LV,Latvia,2014,19441,
MIO_TKM,Million tonne-kilometre (TKM),LV,Latvia,2015,18906,
MIO_TKM,Million tonne-kilometre (TKM),LV,Latvia,2016,15873,
MIO_TKM,Million tonne-kilometre (TKM),LV,Latvia,2017,15014,
MIO_TKM,Million tonne-kilometre (TKM),LV,Latvia,2018,17859,
MIO_TKM,Million tonne-kilometre (TKM),LV,Latvia,2019,15019,
MIO_TKM,Million tonne-kilometre (TKM),LV,Latvia,2020,7979,
MIO_TKM,Million tonne-kilometre (TKM),LV,Latvia,2021,7367,
MIO_TKM,Million tonne-kilometre (TKM),LV,Latvia,2022,7410,
MIO_TKM,Million tonne-kilometre (TKM),LV,Latvia,2023,5191,
MIO_TKM,Million tonne-kilometre (TKM),LV,Latvia,2024,3509,
MIO_TKM,Million tonne-kilometre (TKM),ME,Montenegro,2013,105,
MIO_TKM,Million tonne-kilometre (TKM),ME,Montenegro,2014,94,
MIO_TKM,Million tonne-kilometre (TKM),ME,Montenegro,2015,112,
MIO_TKM,Million tonne-kilometre (TKM),ME,Montenegro,2016,112,
MIO_TKM,Million tonne-kilometre (TKM),ME,Montenegro,2017,169,
MIO_TKM,Million tonne-kilometre (TKM),ME,Montenegro,2018,113,
MIO_TKM,Million tonne-kilometre (TKM),ME,Montenegro,2019,130,
MIO_TKM,Million tonne-kilometre (TKM),ME,Montenegro,2020,130,
MIO_TKM,Million tonne-kilometre (TKM),ME,Montenegro,2022,189,
MIO_TKM,Million tonne-kilometre (TKM),ME,Montenegro,2023,163,
MIO_TKM,Million tonne-kilometre (TKM),ME,Montenegro,2024,135,
MIO_TKM,Million tonne-kilometre (TKM),MK,North Macedonia,2009,497,
MIO_TKM,Million tonne-kilometre (TKM),MK,North Macedonia,2010,525,
MIO_TKM,Million tonne-kilometre (TKM),MK,North Macedonia,2011,479,
MIO_TKM,Million tonne-kilometre (TKM),MK,North Macedonia,2012,423,
MIO_TKM,Million tonne-kilometre (TKM),MK,North Macedonia,2013,421,
MIO_TKM,Million tonne-kilometre (TKM),MK,North Macedonia,2014,411,
MIO_TKM,Million tonne-kilometre (TKM),MK,North Macedonia,2015,278,
MIO_TKM,Million tonne-kilometre (TKM),MK,North Macedonia,2016,222,
MIO_TKM,Million tonne-kilometre (TKM),MK,North Macedonia,2017,277,
MIO_TKM,Million tonne-kilometre (TKM),MK,North Macedonia,2018,307,
MIO_TKM,Million tonne-kilometre (TKM),MK,North Macedonia,2019,350,
MIO_TKM,Million tonne-kilometre (TKM),MK,North Macedonia,2020,342,
MIO_TKM,Million tonne-kilometre (TKM),MK,North Macedonia,2021,381,
MIO_TKM,Million tonne-kilometre (TKM),MK,North Macedonia,2022,286,
MIO_TKM,Million tonne-kilometre (TKM),MK,North Macedonia,2023,146,
MIO_TKM,Million tonne-kilometre (TKM),MK,North Macedonia,2024,158,
MIO_TKM,Million tonne-kilometre (TKM),MK,North Macedonia,2025,149,
MIO_TKM,Million tonne-kilometre (TKM),NL,Netherlands,2004,5831,
MIO_TKM,Million tonne-kilometre (TKM),NL,Netherlands,2005,5865,
MIO_TKM,Million tonne-kilometre (TKM),NL,Netherlands,2006,6289,
MIO_TKM,Million tonne-kilometre (TKM),NL,Netherlands,2007,7216,
MIO_TKM,Million tonne-kilometre (TKM),NL,Netherlands,2008,6984,
MIO_TKM,Million tonne-kilometre (TKM),NL,Netherlands,2009,5578,
MIO_TKM,Million tonne-kilometre (TKM),NL,Netherlands,2010,5925,
MIO_TKM,Million tonne-kilometre (TKM),NL,Netherlands,2011,6378,
MIO_TKM,Million tonne-kilometre (TKM),NL,Netherlands,2012,6142,
MIO_TKM,Million tonne-kilometre (TKM),NL,Netherlands,2013,6078,
MIO_TKM,Million tonne-kilometre (TKM),NL,Netherlands,2014,6169,
MIO_TKM,Million tonne-kilometre (TKM),NL,Netherlands,2015,6545,
MIO_TKM,Million tonne-kilometre (TKM),NL,Netherlands,2016,6641,
MIO_TKM,Million tonne-kilometre (TKM),NL,Netherlands,2017,6685,
MIO_TKM,Million tonne-kilometre (TKM),NL,Netherlands,2018,7058,
MIO_TKM,Million tonne-kilometre (TKM),NL,Netherlands,2019,7080,
MIO_TKM,Million tonne-kilometre (TKM),NL,Netherlands,2020,6665,
MIO_TKM,Million tonne-kilometre (TKM),NL,Netherlands,2021,7188,
MIO_TKM,Million tonne-kilometre (TKM),NL,Netherlands,2022,7176,
MIO_TKM,Million tonne-kilometre (TKM),NL,Netherlands,2023,6493,
MIO_TKM,Million tonne-kilometre (TKM),NL,Netherlands,2024,6276,
MIO_TKM,Million tonne-kilometre (TKM),NL,Netherlands,2025,6097,
MIO_TKM,Million tonne-kilometre (TKM),NO,Norway,2004,2845,
MIO_TKM,Million tonne-kilometre (TKM),NO,Norway,2005,3182,
MIO_TKM,Million tonne-kilometre (TKM),NO,Norway,2006,3351,
MIO_TKM,Million tonne-kilometre (TKM),NO,Norway,2007,3502,
MIO_TKM,Million tonne-kilometre (TKM),NO,Norway,2008,3621,
MIO_TKM,Million tonne-kilometre (TKM),NO,Norway,2009,3506,
MIO_TKM,Million tonne-kilometre (TKM),NO,Norway,2010,3496,
MIO_TKM,Million tonne-kilometre (TKM),NO,Norway,2011,3574,
MIO_TKM,Million tonne-kilometre (TKM),NO,Norway,2012,3489,
MIO_TKM,Million tonne-kilometre (TKM),NO,Norway,2013,3383,
MIO_TKM,Million tonne-kilometre (TKM),NO,Norway,2014,3539,
MIO_TKM,Million tonne-kilometre (TKM),NO,Norway,2015,3498,
MIO_TKM,Million tonne-kilometre (TKM),NO,Norway,2016,3312,
MIO_TKM,Million tonne-kilometre (TKM),NO,Norway,2017,4040,
MIO_TKM,Million tonne-kilometre (TKM),NO,Norway,2018,3970,
MIO_TKM,Million tonne-kilometre (TKM),NO,Norway,2019,3903,
MIO_TKM,Million tonne-kilometre (TKM),NO,Norway,2020,4110,
MIO_TKM,Million tonne-kilometre (TKM),NO,Norway,2021,4305,
MIO_TKM,Million tonne-kilometre (TKM),NO,Norway,2022,4246,
MIO_TKM,Million tonne-kilometre (TKM),NO,Norway,2023,3928,
MIO_TKM,Million tonne-kilometre (TKM),NO,Norway,2024,3643,
MIO_TKM,Million tonne-kilometre (TKM),NO,Norway,2025,3662,
MIO_TKM,Million tonne-kilometre (TKM),PL,Poland,2004,52332,
MIO_TKM,Million tonne-kilometre (TKM),PL,Poland,2005,49972,
MIO_TKM,Million tonne-kilometre (TKM),PL,Poland,2006,53622,
MIO_TKM,Million tonne-kilometre (TKM),PL,Poland,2007,54253,
MIO_TKM,Million tonne-kilometre (TKM),PL,Poland,2008,52043,
MIO_TKM,Million tonne-kilometre (TKM),PL,Poland,2009,43445,
MIO_TKM,Million tonne-kilometre (TKM),PL,Poland,2010,48705,
MIO_TKM,Million tonne-kilometre (TKM),PL,Poland,2011,53746,
MIO_TKM,Million tonne-kilometre (TKM),PL,Poland,2012,48903,
MIO_TKM,Million tonne-kilometre (TKM),PL,Poland,2013,50881,
MIO_TKM,Million tonne-kilometre (TKM),PL,Poland,2014,50073,
MIO_TKM,Million tonne-kilometre (TKM),PL,Poland,2015,50603,
MIO_TKM,Million tonne-kilometre (TKM),PL,Poland,2016,50650,
MIO_TKM,Million tonne-kilometre (TKM),PL,Poland,2017,54797,
MIO_TKM,Million tonne-kilometre (TKM),PL,Poland,2018,59388,
MIO_TKM,Million tonne-kilometre (TKM),PL,Poland,2019,54584,
MIO_TKM,Million tonne-kilometre (TKM),PL,Poland,2020,51096,
MIO_TKM,Million tonne-kilometre (TKM),PL,Poland,2021,54387,
MIO_TKM,Million tonne-kilometre (TKM),PL,Poland,2022,59306,
MIO_TKM,Million tonne-kilometre (TKM),PL,Poland,2023,61085,
MIO_TKM,Million tonne-kilometre (TKM),PL,Poland,2024,57992,
MIO_TKM,Million tonne-kilometre (TKM),PL,Poland,2025,55949,
MIO_TKM,Million tonne-kilometre (TKM),PT,Portugal,2004,2282,
MIO_TKM,Million tonne-kilometre (TKM),PT,Portugal,2005,2422,
MIO_TKM,Million tonne-kilometre (TKM),PT,Portugal,2006,2430,
MIO_TKM,Million tonne-kilometre (TKM),PT,Portugal,2007,2586,
MIO_TKM,Million tonne-kilometre (TKM),PT,Portugal,2008,2549,
MIO_TKM,Million tonne-kilometre (TKM),PT,Portugal,2009,2174,
MIO_TKM,Million tonne-kilometre (TKM),PT,Portugal,2010,2313,
MIO_TKM,Million tonne-kilometre (TKM),PT,Portugal,2011,2322,
MIO_TKM,Million tonne-kilometre (TKM),PT,Portugal,2012,2421,
MIO_TKM,Million tonne-kilometre (TKM),PT,Portugal,2013,2290,
MIO_TKM,Million tonne-kilometre (TKM),PT,Portugal,2014,2434,
MIO_TKM,Million tonne-kilometre (TKM),PT,Portugal,2015,2688,
MIO_TKM,Million tonne-kilometre (TKM),PT,Portugal,2016,2774,
MIO_TKM,Million tonne-kilometre (TKM),PT,Portugal,2017,2751,
MIO_TKM,Million tonne-kilometre (TKM),PT,Portugal,2018,2765,
MIO_TKM,Million tonne-kilometre (TKM),PT,Portugal,2019,2478,
MIO_TKM,Million tonne-kilometre (TKM),PT,Portugal,2020,2302,
MIO_TKM,Million tonne-kilometre (TKM),PT,Portugal,2021,1881,
MIO_TKM,Million tonne-kilometre (TKM),PT,Portugal,2022,2190,
MIO_TKM,Million tonne-kilometre (TKM),PT,Portugal,2023,2263,
MIO_TKM,Million tonne-kilometre (TKM),PT,Portugal,2024,2214,
MIO_TKM,Million tonne-kilometre (TKM),PT,Portugal,2025,2399,
MIO_TKM,Million tonne-kilometre (TKM),RO,Romania,2004,17022,
MIO_TKM,Million tonne-kilometre (TKM),RO,Romania,2005,16582,
MIO_TKM,Million tonne-kilometre (TKM),RO,Romania,2006,15791,
MIO_TKM,Million tonne-kilometre (TKM),RO,Romania,2007,15757,
MIO_TKM,Million tonne-kilometre (TKM),RO,Romania,2008,15236,
MIO_TKM,Million tonne-kilometre (TKM),RO,Romania,2009,11088,
MIO_TKM,Million tonne-kilometre (TKM),RO,Romania,2010,12375,
MIO_TKM,Million tonne-kilometre (TKM),RO,Romania,2011,14719,
MIO_TKM,Million tonne-kilometre (TKM),RO,Romania,2012,13472,
MIO_TKM,Million tonne-kilometre (TKM),RO,Romania,2013,12941,
MIO_TKM,Million tonne-kilometre (TKM),RO,Romania,2014,12264,
MIO_TKM,Million tonne-kilometre (TKM),RO,Romania,2015,13673,
MIO_TKM,Million tonne-kilometre (TKM),RO,Romania,2016,13535,
MIO_TKM,Million tonne-kilometre (TKM),RO,Romania,2017,13782,
MIO_TKM,Million tonne-kilometre (TKM),RO,Romania,2018,13076,
MIO_TKM,Million tonne-kilometre (TKM),RO,Romania,2019,13312,
MIO_TKM,Million tonne-kilometre (TKM),RO,Romania,2020,12291,
MIO_TKM,Million tonne-kilometre (TKM),RO,Romania,2021,13625,
MIO_TKM,Million tonne-kilometre (TKM),RO,Romania,2022,13324,
MIO_TKM,Million tonne-kilometre (TKM),RO,Romania,2023,12878,
MIO_TKM,Million tonne-kilometre (TKM),RO,Romania,2024,11432,
MIO_TKM,Million tonne-kilometre (TKM),RO,Romania,2025,10184,
MIO_TKM,Million tonne-kilometre (TKM),SE,Sweden,2004,20856,
MIO_TKM,Million tonne-kilometre (TKM),SE,Sweden,2005,21675,
MIO_TKM,Million tonne-kilometre (TKM),SE,Sweden,2006,22271,
MIO_TKM,Million tonne-kilometre (TKM),SE,Sweden,2007,23250,
MIO_TKM,Million tonne-kilometre (TKM),SE,Sweden,2008,22924,
MIO_TKM,Million tonne-kilometre (TKM),SE,Sweden,2009,20389,
MIO_TKM,Million tonne-kilometre (TKM),SE,Sweden,2010,23464,
MIO_TKM,Million tonne-kilometre (TKM),SE,Sweden,2011,22864,
MIO_TKM,Million tonne-kilometre (TKM),SE,Sweden,2012,22043,
MIO_TKM,Million tonne-kilometre (TKM),SE,Sweden,2013,20970,
MIO_TKM,Million tonne-kilometre (TKM),SE,Sweden,2014,21296,
MIO_TKM,Million tonne-kilometre (TKM),SE,Sweden,2015,20699,
MIO_TKM,Million tonne-kilometre (TKM),SE,Sweden,2016,21406,
MIO_TKM,Million tonne-kilometre (TKM),SE,Sweden,2017,21838,
MIO_TKM,Million tonne-kilometre (TKM),SE,Sweden,2018,22794,
MIO_TKM,Million tonne-kilometre (TKM),SE,Sweden,2019,22222,
MIO_TKM,Million tonne-kilometre (TKM),SE,Sweden,2020,22094,
MIO_TKM,Million tonne-kilometre (TKM),SE,Sweden,2021,23449,
MIO_TKM,Million tonne-kilometre (TKM),SE,Sweden,2022,23161,
MIO_TKM,Million tonne-kilometre (TKM),SE,Sweden,2023,21953,
MIO_TKM,Million tonne-kilometre (TKM),SE,Sweden,2024,21789,
MIO_TKM,Million tonne-kilometre (TKM),SE,Sweden,2025,22382,
MIO_TKM,Million tonne-kilometre (TKM),SI,Slovenia,2004,3149,
MIO_TKM,Million tonne-kilometre (TKM),SI,Slovenia,2005,3245,
MIO_TKM,Million tonne-kilometre (TKM),SI,Slovenia,2006,3373,
MIO_TKM,Million tonne-kilometre (TKM),SI,Slovenia,2007,3603,
MIO_TKM,Million tonne-kilometre (TKM),SI,Slovenia,2008,3520,
MIO_TKM,Million tonne-kilometre (TKM),SI,Slovenia,2009,2817,
MIO_TKM,Million tonne-kilometre (TKM),SI,Slovenia,2010,3421,
MIO_TKM,Million tonne-kilometre (TKM),SI,Slovenia,2011,3752,
MIO_TKM,Million tonne-kilometre (TKM),SI,Slovenia,2012,3470,
MIO_TKM,Million tonne-kilometre (TKM),SI,Slovenia,2013,3799,
MIO_TKM,Million tonne-kilometre (TKM),SI,Slovenia,2014,4110,
MIO_TKM,Million tonne-kilometre (TKM),SI,Slovenia,2015,4175,
MIO_TKM,Million tonne-kilometre (TKM),SI,Slovenia,2016,4360,
MIO_TKM,Million tonne-kilometre (TKM),SI,Slovenia,2017,5128,
MIO_TKM,Million tonne-kilometre (TKM),SI,Slovenia,2018,5151,
MIO_TKM,Million tonne-kilometre (TKM),SI,Slovenia,2019,5292,
MIO_TKM,Million tonne-kilometre (TKM),SI,Slovenia,2020,4726,
MIO_TKM,Million tonne-kilometre (TKM),SI,Slovenia,2021,4937,
MIO_TKM,Million tonne-kilometre (TKM),SI,Slovenia,2022,4928,
MIO_TKM,Million tonne-kilometre (TKM),SI,Slovenia,2023,4629,
MIO_TKM,Million tonne-kilometre (TKM),SI,Slovenia,2024,4569,
MIO_TKM,Million tonne-kilometre (TKM),SI,Slovenia,2025,4295,
MIO_TKM,Million tonne-kilometre (TKM),SK,Slovakia,2004,9702,
MIO_TKM,Million tonne-kilometre (TKM),SK,Slovakia,2005,9463,
MIO_TKM,Million tonne-kilometre (TKM),SK,Slovakia,2006,9988,
MIO_TKM,Million tonne-kilometre (TKM),SK,Slovakia,2007,9647,
MIO_TKM,Million tonne-kilometre (TKM),SK,Slovakia,2008,9299,
MIO_TKM,Million tonne-kilometre (TKM),SK,Slovakia,2009,6964,
MIO_TKM,Million tonne-kilometre (TKM),SK,Slovakia,2010,8105,
MIO_TKM,Million tonne-kilometre (TKM),SK,Slovakia,2011,7960,
MIO_TKM,Million tonne-kilometre (TKM),SK,Slovakia,2012,7591,
MIO_TKM,Million tonne-kilometre (TKM),SK,Slovakia,2013,8494,
MIO_TKM,Million tonne-kilometre (TKM),SK,Slovakia,2014,8829,
MIO_TKM,Million tonne-kilometre (TKM),SK,Slovakia,2015,8439,
MIO_TKM,Million tonne-kilometre (TKM),SK,Slovakia,2016,8370,
MIO_TKM,Million tonne-kilometre (TKM),SK,Slovakia,2017,8477,
MIO_TKM,Million tonne-kilometre (TKM),SK,Slovakia,2018,8373,
MIO_TKM,Million tonne-kilometre (TKM),SK,Slovakia,2019,8134,
MIO_TKM,Million tonne-kilometre (TKM),SK,Slovakia,2020,6908,
MIO_TKM,Million tonne-kilometre (TKM),SK,Slovakia,2021,8190,
MIO_TKM,Million tonne-kilometre (TKM),SK,Slovakia,2022,7838,
MIO_TKM,Million tonne-kilometre (TKM),SK,Slovakia,2023,7488,
MIO_TKM,Million tonne-kilometre (TKM),SK,Slovakia,2024,8113,
MIO_TKM,Million tonne-kilometre (TKM),SK,Slovakia,2025,7644,
MIO_TKM,Million tonne-kilometre (TKM),TR,Türkiye,2004,9332,
MIO_TKM,Million tonne-kilometre (TKM),TR,Türkiye,2005,9077,
MIO_TKM,Million tonne-kilometre (TKM),TR,Türkiye,2006,9544,
MIO_TKM,Million tonne-kilometre (TKM),TR,Türkiye,2007,9755,
MIO_TKM,Million tonne-kilometre (TKM),TR,Türkiye,2008,10552,
MIO_TKM,Million tonne-kilometre (TKM),TR,Türkiye,2009,10163,
MIO_TKM,Million tonne-kilometre (TKM),TR,Türkiye,2010,11300,
MIO_TKM,Million tonne-kilometre (TKM),TR,Türkiye,2011,11303,
MIO_TKM,Million tonne-kilometre (TKM),TR,Türkiye,2012,11223,
MIO_TKM,Million tonne-kilometre (TKM),TR,Türkiye,2013,10750,
MIO_TKM,Million tonne-kilometre (TKM),TR,Türkiye,2014,11601,
MIO_TKM,Million tonne-kilometre (TKM),TR,Türkiye,2015,10178,
MIO_TKM,Million tonne-kilometre (TKM),TR,Türkiye,2016,11424,
MIO_TKM,Million tonne-kilometre (TKM),TR,Türkiye,2017,12676,
MIO_TKM,Million tonne-kilometre (TKM),TR,Türkiye,2018,12637,
MIO_TKM,Million tonne-kilometre (TKM),TR,Türkiye,2019,14707,
MIO_TKM,Million tonne-kilometre (TKM),TR,Türkiye,2020,15345,
MIO_TKM,Million tonne-kilometre (TKM),TR,Türkiye,2021,14621,
MIO_TKM,Million tonne-kilometre (TKM),TR,Türkiye,2022,16081,
MIO_TKM,Million tonne-kilometre (TKM),TR,Türkiye,2023,12997,
MIO_TKM,Million tonne-kilometre (TKM),TR,Türkiye,2024,13704,
MIO_TKM,Million tonne-kilometre (TKM),UA,Ukraine,2020,175587,
MIO_TKM,Million tonne-kilometre (TKM),UA,Ukraine,2021,180361,
MIO_TKM,Million tonne-kilometre (TKM),UA,Ukraine,2022,94563,
MIO_TKM,Million tonne-kilometre (TKM),UA,Ukraine,2023,90632,
MIO_TKM,Million tonne-kilometre (TKM),UA,Ukraine,2024,113239,
MIO_TKM,Million tonne-kilometre (TKM),UA,Ukraine,2025,99084,
MIO_TKM,Million tonne-kilometre (TKM),UK,United Kingdom,2004,22552,
MIO_TKM,Million tonne-kilometre (TKM),UK,United Kingdom,2005,21427,
MIO_TKM,Million tonne-kilometre (TKM),UK,United Kingdom,2006,21919,
MIO_TKM,Million tonne-kilometre (TKM),UK,United Kingdom,2007,21265,
MIO_TKM,Million tonne-kilometre (TKM),UK,United Kingdom,2008,21077,
MIO_TKM,Million tonne-kilometre (TKM),UK,United Kingdom,2009,19171,
MIO_TKM,Million tonne-kilometre (TKM),UK,United Kingdom,2010,18576,
MIO_TKM,Million tonne-kilometre (TKM),UK,United Kingdom,2011,20974,
MIO_TKM,Million tonne-kilometre (TKM),UK,United Kingdom,2012,21444,
MIO_TKM,Million tonne-kilometre (TKM),UK,United Kingdom,2013,22401,
MIO_TKM,Million tonne-kilometre (TKM),UK,United Kingdom,2014,22143,
MIO_TKM,Million tonne-kilometre (TKM),UK,United Kingdom,2015,19342,
MIO_TKM,Million tonne-kilometre (TKM),UK,United Kingdom,2016,17053,
MIO_TKM,Million tonne-kilometre (TKM),UK,United Kingdom,2017,17167,
MIO_TKM,Million tonne-kilometre (TKM),UK,United Kingdom,2018,17206,
MIO_TKM,Million tonne-kilometre (TKM),UK,United Kingdom,2019,16884,
THS_T,Thousand tonnes,AT,Austria,2004,92930,
THS_T,Thousand tonnes,AT,Austria,2005,101829,
THS_T,Thousand tonnes,AT,Austria,2006,110779,
THS_T,Thousand tonnes,AT,Austria,2007,115526,
THS_T,Thousand tonnes,AT,Austria,2008,121579,
THS_T,Thousand tonnes,AT,Austria,2009,98887,
THS_T,Thousand tonnes,AT,Austria,2010,107670,
THS_T,Thousand tonnes,AT,Austria,2011,107587,
THS_T,Thousand tonnes,AT,Austria,2012,100452,
THS_T,Thousand tonnes,AT,Austria,2013,96449,
THS_T,Thousand tonnes,AT,Austria,2014,100267,
THS_T,Thousand tonnes,AT,Austria,2015,100163,
THS_T,Thousand tonnes,AT,Austria,2016,102835,
THS_T,Thousand tonnes,AT,Austria,2017,107579,
THS_T,Thousand tonnes,AT,Austria,2018,105271,
THS_T,Thousand tonnes,AT,Austria,2019,102575,
THS_T,Thousand tonnes,AT,Austria,2020,97512,
THS_T,Thousand tonnes,AT,Austria,2021,105255,
THS_T,Thousand tonnes,AT,Austria,2022,103870,
THS_T,Thousand tonnes,AT,Austria,2023,92443,
THS_T,Thousand tonnes,AT,Austria,2024,94431,
THS_T,Thousand tonnes,AT,Austria,2025,96162,
THS_T,Thousand tonnes,BA,Bosnia and Herzegovina,2014,13506,
THS_T,Thousand tonnes,BA,Bosnia and Herzegovina,2015,13677,
THS_T,Thousand tonnes,BA,Bosnia and Herzegovina,2016,13155,
THS_T,Thousand tonnes,BA,Bosnia and Herzegovina,2017,13254,
THS_T,Thousand tonnes,BA,Bosnia and Herzegovina,2018,13514,
THS_T,Thousand tonnes,BA,Bosnia and Herzegovina,2019,13693,
THS_T,Thousand tonnes,BA,Bosnia and Herzegovina,2020,11414,
THS_T,Thousand tonnes,BA,Bosnia and Herzegovina,2021,12305,
THS_T,Thousand tonnes,BA,Bosnia and Herzegovina,2022,12685,
THS_T,Thousand tonnes,BA,Bosnia and Herzegovina,2023,11464,
THS_T,Thousand tonnes,BA,Bosnia and Herzegovina,2024,10069,
THS_T,Thousand tonnes,BA,Bosnia and Herzegovina,2025,8909,
THS_T,Thousand tonnes,BE,Belgium,2007,66248,
THS_T,Thousand tonnes,BE,Belgium,2008,64648,
THS_T,Thousand tonnes,BE,Belgium,2009,45718,
THS_T,Thousand tonnes,BE,Belgium,2010,54476,
THS_T,Thousand tonnes,BE,Belgium,2011,55876,
THS_T,Thousand tonnes,BG,Bulgaria,2006,21881,
THS_T,Thousand tonnes,BG,Bulgaria,2007,21905,
THS_T,Thousand tonnes,BG,Bulgaria,2008,19716,
THS_T,Thousand tonnes,BG,Bulgaria,2009,13284,
THS_T,Thousand tonnes,BG,Bulgaria,2010,12939,
THS_T,Thousand tonnes,BG,Bulgaria,2011,14152,
THS_T,Thousand tonnes,BG,Bulgaria,2012,12470,
THS_T,Thousand tonnes,BG,Bulgaria,2013,13539,
THS_T,Thousand tonnes,BG,Bulgaria,2014,13691,
THS_T,Thousand tonnes,BG,Bulgaria,2015,14635,
THS_T,Thousand tonnes,BG,Bulgaria,2016,14226,
THS_T,Thousand tonnes,BG,Bulgaria,2017,16030,
THS_T,Thousand tonnes,BG,Bulgaria,2018,14796,
THS_T,Thousand tonnes,BG,Bulgaria,2019,14948,
THS_T,Thousand tonnes,BG,Bulgaria,2020,16374,
THS_T,Thousand tonnes,BG,Bulgaria,2021,18048,
THS_T,Thousand tonnes,BG,Bulgaria,2022,19291,
THS_T,Thousand tonnes,BG,Bulgaria,2023,17105,
THS_T,Thousand tonnes,BG,Bulgaria,2024,15643,
THS_T,Thousand tonnes,BG,Bulgaria,2025,13731,
THS_T,Thousand tonnes,CH,Switzerland,2008,69864,
THS_T,Thousand tonnes,CH,Switzerland,2009,61848,
THS_T,Thousand tonnes,CH,Switzerland,2010,63989,
THS_T,Thousand tonnes,CH,Switzerland,2011,65038,
THS_T,Thousand tonnes,CH,Switzerland,2012,60270,
THS_T,Thousand tonnes,CH,Switzerland,2013,64999,
THS_T,Thousand tonnes,CH,Switzerland,2014,65375,
THS_T,Thousand tonnes,CH,Switzerland,2015,66089,
THS_T,Thousand tonnes,CH,Switzerland,2016,67846,
THS_T,Thousand tonnes,CH,Switzerland,2017,67157,
THS_T,Thousand tonnes,CH,Switzerland,2018,68719,
THS_T,Thousand tonnes,CH,Switzerland,2019,68658,
THS_T,Thousand tonnes,CH,Switzerland,2020,64987,
THS_T,Thousand tonnes,CH,Switzerland,2021,67901,
THS_T,Thousand tonnes,CH,Switzerland,2022,69319,
THS_T,Thousand tonnes,CH,Switzerland,2023,67108,
THS_T,Thousand tonnes,CH,Switzerland,2024,66187,
THS_T,Thousand tonnes,CH,Switzerland,2025,65326,
THS_T,Thousand tonnes,CZ,Czechia,2004,88843,
THS_T,Thousand tonnes,CZ,Czechia,2005,85613,
THS_T,Thousand tonnes,CZ,Czechia,2006,97491,
THS_T,Thousand tonnes,CZ,Czechia,2007,99777,
THS_T,Thousand tonnes,CZ,Czechia,2008,95073,
THS_T,Thousand tonnes,CZ,Czechia,2009,76715,
THS_T,Thousand tonnes,CZ,Czechia,2010,82900,
THS_T,Thousand tonnes,CZ,Czechia,2011,87096,
THS_T,Thousand tonnes,CZ,Czechia,2012,82968,
THS_T,Thousand tonnes,CZ,Czechia,2013,83957,
THS_T,Thousand tonnes,CZ,Czechia,2014,91556,
THS_T,Thousand tonnes,CZ,Czechia,2015,97280,
THS_T,Thousand tonnes,CZ,Czechia,2016,98034,
THS_T,Thousand tonnes,CZ,Czechia,2017,96516,
THS_T,Thousand tonnes,CZ,Czechia,2018,99307,
THS_T,Thousand tonnes,CZ,Czechia,2019,98804,
THS_T,Thousand tonnes,CZ,Czechia,2020,90902,
THS_T,Thousand tonnes,CZ,Czechia,2021,99550,
THS_T,Thousand tonnes,CZ,Czechia,2022,90797,
THS_T,Thousand tonnes,CZ,Czechia,2023,83120,
THS_T,Thousand tonnes,CZ,Czechia,2024,80408,
THS_T,Thousand tonnes,CZ,Czechia,2025,82953,
THS_T,Thousand tonnes,DE,Germany,2004,310261,
THS_T,Thousand tonnes,DE,Germany,2005,315576,
THS_T,Thousand tonnes,DE,Germany,2006,344270,
THS_T,Thousand tonnes,DE,Germany,2007,359299,
THS_T,Thousand tonnes,DE,Germany,2008,369525,
THS_T,Thousand tonnes,DE,Germany,2009,311014,
THS_T,Thousand tonnes,DE,Germany,2010,354328,
THS_T,Thousand tonnes,DE,Germany,2011,374027,
THS_T,Thousand tonnes,DE,Germany,2012,365036,
THS_T,Thousand tonnes,DE,Germany,2013,372768,
THS_T,Thousand tonnes,DE,Germany,2014,363975,
THS_T,Thousand tonnes,DE,Germany,2015,366318,
THS_T,Thousand tonnes,DE,Germany,2016,392962,
THS_T,Thousand tonnes,DE,Germany,2017,369386,
THS_T,Thousand tonnes,DE,Germany,2018,355000,
THS_T,Thousand tonnes,DE,Germany,2019,362624,
THS_T,Thousand tonnes,DE,Germany,2020,325161,
THS_T,Thousand tonnes,DE,Germany,2021,363646,
THS_T,Thousand tonnes,DE,Germany,2022,368876,
THS_T,Thousand tonnes,DE,Germany,2023,351819,
THS_T,Thousand tonnes,DE,Germany,2024,343661,
THS_T,Thousand tonnes,DE,Germany,2025,327952,
THS_T,Thousand tonnes,DK,Denmark,2004,8162,
THS_T,Thousand tonnes,DK,Denmark,2005,7706,
THS_T,Thousand tonnes,DK,Denmark,2006,7477,
THS_T,Thousand tonnes,DK,Denmark,2007,6901,
THS_T,Thousand tonnes,DK,Denmark,2008,7198,
THS_T,Thousand tonnes,DK,Denmark,2009,6163,
THS_T,Thousand tonnes,DK,Denmark,2010,8121,
THS_T,Thousand tonnes,DK,Denmark,2011,9276,
THS_T,Thousand tonnes,DK,Denmark,2012,7982,
THS_T,Thousand tonnes,DK,Denmark,2013,7956,
THS_T,Thousand tonnes,DK,Denmark,2014,8082,
THS_T,Thousand tonnes,DK,Denmark,2015,8652,
THS_T,Thousand tonnes,DK,Denmark,2016,9383,
THS_T,Thousand tonnes,DK,Denmark,2017,9314,
THS_T,Thousand tonnes,DK,Denmark,2018,9097,
THS_T,Thousand tonnes,DK,Denmark,2019,8512,
THS_T,Thousand tonnes,DK,Denmark,2020,8615,
THS_T,Thousand tonnes,DK,Denmark,2021,6936,
THS_T,Thousand tonnes,DK,Denmark,2022,7759,
THS_T,Thousand tonnes,DK,Denmark,2023,6756,
THS_T,Thousand tonnes,DK,Denmark,2024,6443,
THS_T,Thousand tonnes,EE,Estonia,2004,65647,
THS_T,Thousand tonnes,EE,Estonia,2005,68187,
THS_T,Thousand tonnes,EE,Estonia,2006,61284,
THS_T,Thousand tonnes,EE,Estonia,2007,68538,
THS_T,Thousand tonnes,EE,Estonia,2008,52752,
THS_T,Thousand tonnes,EE,Estonia,2009,45954,
THS_T,Thousand tonnes,EE,Estonia,2010,46705,
THS_T,Thousand tonnes,EE,Estonia,2011,48378,
THS_T,Thousand tonnes,EE,Estonia,2012,44725,
THS_T,Thousand tonnes,EE,Estonia,2013,43682,
THS_T,Thousand tonnes,EE,Estonia,2014,36289,
THS_T,Thousand tonnes,EE,Estonia,2015,28026,
THS_T,Thousand tonnes,EE,Estonia,2016,25364,
THS_T,Thousand tonnes,EE,Estonia,2017,27256,
THS_T,Thousand tonnes,EE,Estonia,2018,27813,
THS_T,Thousand tonnes,EE,Estonia,2019,21341,
THS_T,Thousand tonnes,EE,Estonia,2020,15801,
THS_T,Thousand tonnes,EE,Estonia,2021,23306,
THS_T,Thousand tonnes,EE,Estonia,2022,17713,
THS_T,Thousand tonnes,EE,Estonia,2023,10106,
THS_T,Thousand tonnes,EE,Estonia,2024,6792,
THS_T,Thousand tonnes,EE,Estonia,2025,6186,
THS_T,Thousand tonnes,EL,Greece,2004,2968,
THS_T,Thousand tonnes,EL,Greece,2005,3058,
THS_T,Thousand tonnes,EL,Greece,2006,3884,
THS_T,Thousand tonnes,EL,Greece,2007,4943,
THS_T,Thousand tonnes,EL,Greece,2008,4253,
THS_T,Thousand tonnes,EL,Greece,2009,3377,
THS_T,Thousand tonnes,EL,Greece,2010,3982,
THS_T,Thousand tonnes,EL,Greece,2011,2702,
THS_T,Thousand tonnes,EL,Greece,2012,2272,
THS_T,Thousand tonnes,EL,Greece,2013,1980,
THS_T,Thousand tonnes,EL,Greece,2014,2143,
THS_T,Thousand tonnes,EL,Greece,2015,1404,
THS_T,Thousand tonnes,EL,Greece,2016,1094,
THS_T,Thousand tonnes,EL,Greece,2017,1328,
THS_T,Thousand tonnes,ES,Spain,2004,30514,
THS_T,Thousand tonnes,ES,Spain,2005,29731,
THS_T,Thousand tonnes,ES,Spain,2006,29862,
THS_T,Thousand tonnes,ES,Spain,2007,29918,
THS_T,Thousand tonnes,ES,Spain,2008,26856,
THS_T,Thousand tonnes,ES,Spain,2009,21087,
THS_T,Thousand tonnes,ES,Spain,2010,21578,
THS_T,Thousand tonnes,ES,Spain,2011,23899,
THS_T,Thousand tonnes,ES,Spain,2012,24903,
THS_T,Thousand tonnes,ES,Spain,2013,24949,
THS_T,Thousand tonnes,ES,Spain,2014,28436,
THS_T,Thousand tonnes,ES,Spain,2015,28960,
THS_T,Thousand tonnes,ES,Spain,2016,26504,
THS_T,Thousand tonnes,ES,Spain,2017,27654,
THS_T,Thousand tonnes,ES,Spain,2018,27161,
THS_T,Thousand tonnes,ES,Spain,2019,26268,
THS_T,Thousand tonnes,ES,Spain,2020,22254,
THS_T,Thousand tonnes,ES,Spain,2021,24716,
THS_T,Thousand tonnes,ES,Spain,2022,24895,
THS_T,Thousand tonnes,ES,Spain,2023,23890,
THS_T,Thousand tonnes,ES,Spain,2024,21834,
THS_T,Thousand tonnes,ES,Spain,2025,22940,
THS_T,Thousand tonnes,FI,Finland,2004,42663,
THS_T,Thousand tonnes,FI,Finland,2005,40722,
THS_T,Thousand tonnes,FI,Finland,2006,43560,
THS_T,Thousand tonnes,FI,Finland,2007,40288,
THS_T,Thousand tonnes,FI,Finland,2008,41937,
THS_T,Thousand tonnes,FI,Finland,2009,32860,
THS_T,Thousand tonnes,FI,Finland,2010,35795,
THS_T,Thousand tonnes,FI,Finland,2011,34827,
THS_T,Thousand tonnes,FI,Finland,2012,35267,
THS_T,Thousand tonnes,FI,Finland,2013,36433,
THS_T,Thousand tonnes,FI,Finland,2014,37008,
THS_T,Thousand tonnes,FI,Finland,2015,33392,
THS_T,Thousand tonnes,FI,Finland,2016,36162,
THS_T,Thousand tonnes,FI,Finland,2017,38468,
THS_T,Thousand tonnes,FI,Finland,2018,40721,
THS_T,Thousand tonnes,FI,Finland,2019,38464,
THS_T,Thousand tonnes,FI,Finland,2020,38406,
THS_T,Thousand tonnes,FI,Finland,2021,40180,
THS_T,Thousand tonnes,FI,Finland,2022,31229,
THS_T,Thousand tonnes,FI,Finland,2023,27066,
THS_T,Thousand tonnes,FI,Finland,2024,26640,
THS_T,Thousand tonnes,FR,France,2004,117415,
THS_T,Thousand tonnes,FR,France,2005,107532,
THS_T,Thousand tonnes,FR,France,2006,109201,
THS_T,Thousand tonnes,FR,France,2007,111214,
THS_T,Thousand tonnes,FR,France,2008,108536,
THS_T,Thousand tonnes,FR,France,2009,86126,
THS_T,Thousand tonnes,FR,France,2010,85045,
THS_T,Thousand tonnes,FR,France,2011,91789,
THS_T,Thousand tonnes,FR,France,2012,87539,
THS_T,Thousand tonnes,FR,France,2013,92712,
THS_T,Thousand tonnes,FR,France,2014,90826,
THS_T,Thousand tonnes,FR,France,2015,102743,
THS_T,Thousand tonnes,FR,France,2016,95913,
THS_T,Thousand tonnes,FR,France,2017,97824,
THS_T,Thousand tonnes,FR,France,2018,87855,
THS_T,Thousand tonnes,FR,France,2019,90211,
THS_T,Thousand tonnes,FR,France,2020,82220,
THS_T,Thousand tonnes,FR,France,2021,93874,
THS_T,Thousand tonnes,FR,France,2022,88651,
THS_T,Thousand tonnes,FR,France,2023,75849,
THS_T,Thousand tonnes,FR,France,2024,78289,
THS_T,Thousand tonnes,FR,France,2025,80430,
THS_T,Thousand tonnes,HR,Croatia,2004,12234,
THS_T,Thousand tonnes,HR,Croatia,2005,14333,
THS_T,Thousand tonnes,HR,Croatia,2006,15395,
THS_T,Thousand tonnes,HR,Croatia,2007,15764,
THS_T,Thousand tonnes,HR,Croatia,2008,14851,
THS_T,Thousand tonnes,HR,Croatia,2009,11651,
THS_T,Thousand tonnes,HR,Croatia,2010,12203,
THS_T,Thousand tonnes,HR,Croatia,2011,11794,
THS_T,Thousand tonnes,HR,Croatia,2012,11088,
THS_T,Thousand tonnes,HR,Croatia,2013,10661,
THS_T,Thousand tonnes,HR,Croatia,2014,10390,
THS_T,Thousand tonnes,HR,Croatia,2015,9939,
THS_T,Thousand tonnes,HR,Croatia,2016,9985,
THS_T,Thousand tonnes,HR,Croatia,2017,12178,
THS_T,Thousand tonnes,HR,Croatia,2018,13444,
THS_T,Thousand tonnes,HR,Croatia,2019,14449,
THS_T,Thousand tonnes,HR,Croatia,2020,14992,
THS_T,Thousand tonnes,HR,Croatia,2021,15176,
THS_T,Thousand tonnes,HR,Croatia,2022,16257,
THS_T,Thousand tonnes,HR,Croatia,2023,15069,
THS_T,Thousand tonnes,HR,Croatia,2024,15672,
THS_T,Thousand tonnes,HR,Croatia,2025,12349,
THS_T,Thousand tonnes,HU,Hungary,2004,51726,
THS_T,Thousand tonnes,HU,Hungary,2005,50850,
THS_T,Thousand tonnes,HU,Hungary,2006,54705,
THS_T,Thousand tonnes,HU,Hungary,2007,51523,
THS_T,Thousand tonnes,HU,Hungary,2008,51543,
THS_T,Thousand tonnes,HU,Hungary,2009,42277,
THS_T,Thousand tonnes,HU,Hungary,2010,45794,
THS_T,Thousand tonnes,HU,Hungary,2011,47424,
THS_T,Thousand tonnes,HU,Hungary,2012,46884,
THS_T,Thousand tonnes,HU,Hungary,2013,49085,
THS_T,Thousand tonnes,HU,Hungary,2014,50593,
THS_T,Thousand tonnes,HU,Hungary,2015,50333,
THS_T,Thousand tonnes,HU,Hungary,2016,50047,
THS_T,Thousand tonnes,HU,Hungary,2017,52682,
THS_T,Thousand tonnes,HU,Hungary,2018,52471,
THS_T,Thousand tonnes,HU,Hungary,2019,52270,
THS_T,Thousand tonnes,HU,Hungary,2020,51892,
THS_T,Thousand tonnes,HU,Hungary,2021,51031,
THS_T,Thousand tonnes,HU,Hungary,2022,51696,
THS_T,Thousand tonnes,HU,Hungary,2023,45762,
THS_T,Thousand tonnes,HU,Hungary,2024,45708,
THS_T,Thousand tonnes,HU,Hungary,2025,39990,
THS_T,Thousand tonnes,IE,Ireland,2004,2140,
THS_T,Thousand tonnes,IE,Ireland,2005,1820,
THS_T,Thousand tonnes,IE,Ireland,2006,1245,
THS_T,Thousand tonnes,IE,Ireland,2007,825,
THS_T,Thousand tonnes,IE,Ireland,2008,717,
THS_T,Thousand tonnes,IE,Ireland,2009,631,
THS_T,Thousand tonnes,IE,Ireland,2010,568,
THS_T,Thousand tonnes,IE,Ireland,2011,611,
THS_T,Thousand tonnes,IE,Ireland,2012,567,
THS_T,Thousand tonnes,IE,Ireland,2013,589,
THS_T,Thousand tonnes,IE,Ireland,2014,578,
THS_T,Thousand tonnes,IE,Ireland,2015,540,
THS_T,Thousand tonnes,IE,Ireland,2016,581,
THS_T,Thousand tonnes,IE,Ireland,2017,546,
THS_T,Thousand tonnes,IE,Ireland,2018,516,
THS_T,Thousand tonnes,IE,Ireland,2019,346,
THS_T,Thousand tonnes,IE,Ireland,2020,449,
THS_T,Thousand tonnes,IE,Ireland,2021,415,
THS_T,Thousand tonnes,IE,Ireland,2022,419,
THS_T,Thousand tonnes,IE,Ireland,2023,344,
THS_T,Thousand tonnes,IE,Ireland,2024,221,
THS_T,Thousand tonnes,IE,Ireland,2025,137,
THS_T,Thousand tonnes,IT,Italy,2004,83533,
THS_T,Thousand tonnes,IT,Italy,2005,89755,
THS_T,Thousand tonnes,IT,Italy,2006,102169,
THS_T,Thousand tonnes,IT,Italy,2007,105314,
THS_T,Thousand tonnes,IT,Italy,2008,95810,
THS_T,Thousand tonnes,IT,Italy,2009,76336,
THS_T,Thousand tonnes,IT,Italy,2010,84435,
THS_T,Thousand tonnes,IT,Italy,2011,91811,
THS_T,Thousand tonnes,IT,Italy,2012,88505,
THS_T,Thousand tonnes,IT,Italy,2013,87960,
THS_T,Thousand tonnes,IT,Italy,2014,90862,
THS_T,Thousand tonnes,IT,Italy,2015,92273,
THS_T,Thousand tonnes,IT,Italy,2016,92949,
THS_T,Thousand tonnes,IT,Italy,2017,94287,
THS_T,Thousand tonnes,IT,Italy,2018,97197,
THS_T,Thousand tonnes,IT,Italy,2019,94295,
THS_T,Thousand tonnes,IT,Italy,2020,90529,
THS_T,Thousand tonnes,IT,Italy,2021,104213,
THS_T,Thousand tonnes,IT,Italy,2022,104542,
THS_T,Thousand tonnes,IT,Italy,2023,95865,
THS_T,Thousand tonnes,IT,Italy,2024,94604,
THS_T,Thousand tonnes,IT,Italy,2025,93269,
THS_T,Thousand tonnes,LI,Liechtenstein,2004,2284,
THS_T,Thousand tonnes,LI,Liechtenstein,2005,1844,
THS_T,Thousand tonnes,LI,Liechtenstein,2006,2031,
THS_T,Thousand tonnes,LI,Liechtenstein,2007,2003,
THS_T,Thousand tonnes,LI,Liechtenstein,2008,1843,
THS_T,Thousand tonnes,LI,Liechtenstein,2009,1160,
THS_T,Thousand tonnes,LI,Liechtenstein,2010,1214,
THS_T,Thousand tonnes,LI,Liechtenstein,2011,1172,
THS_T,Thousand tonnes,LI,Liechtenstein,2012,1168,
THS_T,Thousand tonnes,LI,Liechtenstein,2013,1037,
THS_T,Thousand tonnes,LI,Liechtenstein,2022,1216,
THS_T,Thousand tonnes,LI,Liechtenstein,2023,1062,
THS_T,Thousand tonnes,LI,Liechtenstein,2024,810,
THS_T,Thousand tonnes,LI,Liechtenstein,2025,633,
THS_T,Thousand tonnes,LT,Lithuania,2004,45555,
THS_T,Thousand tonnes,LT,Lithuania,2005,49287,
THS_T,Thousand tonnes,LT,Lithuania,2006,50225,
THS_T,Thousand tonnes,LT,Lithuania,2007,53503,
THS_T,Thousand tonnes,LT,Lithuania,2008,54970,
THS_T,Thousand tonnes,LT,Lithuania,2009,42669,
THS_T,Thousand tonnes,LT,Lithuania,2010,48061,
THS_T,Thousand tonnes,LT,Lithuania,2011,52330,
THS_T,Thousand tonnes,LT,Lithuania,2012,49377,
THS_T,Thousand tonnes,LT,Lithuania,2013,48028,
THS_T,Thousand tonnes,LT,Lithuania,2014,49000,
THS_T,Thousand tonnes,LT,Lithuania,2015,48053,
THS_T,Thousand tonnes,LT,Lithuania,2016,47651,
THS_T,Thousand tonnes,LT,Lithuania,2017,52638,
THS_T,Thousand tonnes,LT,Lithuania,2018,56776,
THS_T,Thousand tonnes,LT,Lithuania,2019,55209,
THS_T,Thousand tonnes,LT,Lithuania,2020,53430,
THS_T,Thousand tonnes,LT,Lithuania,2021,51080,
THS_T,Thousand tonnes,LT,Lithuania,2022,30977,
THS_T,Thousand tonnes,LT,Lithuania,2023,27224,
THS_T,Thousand tonnes,LT,Lithuania,2024,25658,
THS_T,Thousand tonnes,LT,Lithuania,2025,24443,
THS_T,Thousand tonnes,LU,Luxembourg,2004,15757,
THS_T,Thousand tonnes,LU,Luxembourg,2005,10739,
THS_T,Thousand tonnes,LU,Luxembourg,2006,12133,
THS_T,Thousand tonnes,LU,Luxembourg,2007,16532,
THS_T,Thousand tonnes,LU,Luxembourg,2008,8548,
THS_T,Thousand tonnes,LU,Luxembourg,2009,6446,
THS_T,Thousand tonnes,LU,Luxembourg,2010,7626,
THS_T,Thousand tonnes,LU,Luxembourg,2011,6973,
THS_T,Thousand tonnes,LU,Luxembourg,2012,5442,
THS_T,Thousand tonnes,LU,Luxembourg,2013,5098,
THS_T,Thousand tonnes,LU,Luxembourg,2014,4573,
THS_T,Thousand tonnes,LU,Luxembourg,2015,5207,
THS_T,Thousand tonnes,LU,Luxembourg,2016,4482,
THS_T,Thousand tonnes,LU,Luxembourg,2017,4406,
THS_T,Thousand tonnes,LU,Luxembourg,2018,4585,
THS_T,Thousand tonnes,LU,Luxembourg,2019,4405,
THS_T,Thousand tonnes,LU,Luxembourg,2020,7783,b
THS_T,Thousand tonnes,LU,Luxembourg,2021,8107,
THS_T,Thousand tonnes,LU,Luxembourg,2022,7453,
THS_T,Thousand tonnes,LU,Luxembourg,2023,7135,
THS_T,Thousand tonnes,LU,Luxembourg,2024,6689,
THS_T,Thousand tonnes,LU,Luxembourg,2025,7299,
THS_T,Thousand tonnes,LV,Latvia,2004,51058,
THS_T,Thousand tonnes,LV,Latvia,2005,54861,
THS_T,Thousand tonnes,LV,Latvia,2006,48731,
THS_T,Thousand tonnes,LV,Latvia,2007,52164,
THS_T,Thousand tonnes,LV,Latvia,2008,56061,
THS_T,Thousand tonnes,LV,Latvia,2009,53679,
THS_T,Thousand tonnes,LV,Latvia,2010,49164,
THS_T,Thousand tonnes,LV,Latvia,2011,59385,
THS_T,Thousand tonnes,LV,Latvia,2012,60601,
THS_T,Thousand tonnes,LV,Latvia,2013,55831,
THS_T,Thousand tonnes,LV,Latvia,2014,57039,
THS_T,Thousand tonnes,LV,Latvia,2015,55645,
THS_T,Thousand tonnes,LV,Latvia,2016,47819,
THS_T,Thousand tonnes,LV,Latvia,2017,43785,
THS_T,Thousand tonnes,LV,Latvia,2018,49260,
THS_T,Thousand tonnes,LV,Latvia,2019,41490,
THS_T,Thousand tonnes,LV,Latvia,2020,24056,
THS_T,Thousand tonnes,LV,Latvia,2021,21772,
THS_T,Thousand tonnes,LV,Latvia,2022,21305,
THS_T,Thousand tonnes,LV,Latvia,2023,15446,
THS_T,Thousand tonnes,LV,Latvia,2024,11095,
THS_T,Thousand tonnes,ME,Montenegro,2013,1050,
THS_T,Thousand tonnes,ME,Montenegro,2014,903,
THS_T,Thousand tonnes,ME,Montenegro,2015,987,
THS_T,Thousand tonnes,ME,Montenegro,2016,1395,
THS_T,Thousand tonnes,ME,Montenegro,2017,1603,
THS_T,Thousand tonnes,ME,Montenegro,2018,966,
THS_T,Thousand tonnes,ME,Montenegro,2019,1131,
THS_T,Thousand tonnes,ME,Montenegro,2020,1154,
THS_T,Thousand tonnes,ME,Montenegro,2022,1346,
THS_T,Thousand tonnes,ME,Montenegro,2023,1113,
THS_T,Thousand tonnes,ME,Montenegro,2024,1001,
THS_T,Thousand tonnes,MK,North Macedonia,2009,2929,
THS_T,Thousand tonnes,MK,North Macedonia,2010,3097,
THS_T,Thousand tonnes,MK,North Macedonia,2011,2770,
THS_T,Thousand tonnes,MK,North Macedonia,2012,2539,
THS_T,Thousand tonnes,MK,North Macedonia,2013,2283,
THS_T,Thousand tonnes,MK,North Macedonia,2014,2377,
THS_T,Thousand tonnes,MK,North Macedonia,2015,1566,
THS_T,Thousand tonnes,MK,North Macedonia,2016,1358,
THS_T,Thousand tonnes,MK,North Macedonia,2017,1558,
THS_T,Thousand tonnes,MK,North Macedonia,2018,1679,
THS_T,Thousand tonnes,MK,North Macedonia,2019,1839,
THS_T,Thousand tonnes,MK,North Macedonia,2020,1765,
THS_T,Thousand tonnes,MK,North Macedonia,2021,1963,
THS_T,Thousand tonnes,MK,North Macedonia,2022,1418,
THS_T,Thousand tonnes,MK,North Macedonia,2023,817,
THS_T,Thousand tonnes,MK,North Macedonia,2024,858,
THS_T,Thousand tonnes,MK,North Macedonia,2025,791,
THS_T,Thousand tonnes,NL,Netherlands,2004,33709,
THS_T,Thousand tonnes,NL,Netherlands,2005,35009,
THS_T,Thousand tonnes,NL,Netherlands,2006,37267,
THS_T,Thousand tonnes,NL,Netherlands,2007,40700,
THS_T,Thousand tonnes,NL,Netherlands,2008,40569,
THS_T,Thousand tonnes,NL,Netherlands,2009,33594,
THS_T,Thousand tonnes,NL,Netherlands,2010,35536,
THS_T,Thousand tonnes,NL,Netherlands,2011,39174,
THS_T,Thousand tonnes,NL,Netherlands,2012,37627,
THS_T,Thousand tonnes,NL,Netherlands,2013,38927,
THS_T,Thousand tonnes,NL,Netherlands,2014,39367,
THS_T,Thousand tonnes,NL,Netherlands,2015,41721,
THS_T,Thousand tonnes,NL,Netherlands,2016,42615,
THS_T,Thousand tonnes,NL,Netherlands,2017,42079,
THS_T,Thousand tonnes,NL,Netherlands,2018,41834,
THS_T,Thousand tonnes,NL,Netherlands,2019,42654,
THS_T,Thousand tonnes,NL,Netherlands,2020,40017,
THS_T,Thousand tonnes,NL,Netherlands,2021,42621,
THS_T,Thousand tonnes,NL,Netherlands,2022,44469,
THS_T,Thousand tonnes,NL,Netherlands,2023,39340,
THS_T,Thousand tonnes,NL,Netherlands,2024,38548,
THS_T,Thousand tonnes,NL,Netherlands,2025,36894,
THS_T,Thousand tonnes,NO,Norway,2004,23168,
THS_T,Thousand tonnes,NO,Norway,2005,25162,
THS_T,Thousand tonnes,NO,Norway,2006,24802,
THS_T,Thousand tonnes,NO,Norway,2007,25131,
THS_T,Thousand tonnes,NO,Norway,2008,24787,
THS_T,Thousand tonnes,NO,Norway,2009,22961,
THS_T,Thousand tonnes,NO,Norway,2010,27229,
THS_T,Thousand tonnes,NO,Norway,2011,28305,
THS_T,Thousand tonnes,NO,Norway,2012,30273,
THS_T,Thousand tonnes,NO,Norway,2013,31429,
THS_T,Thousand tonnes,NO,Norway,2014,33393,
THS_T,Thousand tonnes,NO,Norway,2015,31585,
THS_T,Thousand tonnes,NO,Norway,2016,33260,
THS_T,Thousand tonnes,NO,Norway,2017,34974,
THS_T,Thousand tonnes,NO,Norway,2018,34981,
THS_T,Thousand tonnes,NO,Norway,2019,34563,
THS_T,Thousand tonnes,NO,Norway,2020,36822,
THS_T,Thousand tonnes,NO,Norway,2021,37550,
THS_T,Thousand tonnes,NO,Norway,2022,33496,
THS_T,Thousand tonnes,NO,Norway,2023,32235,
THS_T,Thousand tonnes,NO,Norway,2024,29931,
THS_T,Thousand tonnes,NO,Norway,2025,33495,
THS_T,Thousand tonnes,PL,Poland,2004,282919,
THS_T,Thousand tonnes,PL,Poland,2005,269553,
THS_T,Thousand tonnes,PL,Poland,2006,291394,
THS_T,Thousand tonnes,PL,Poland,2007,245307,
THS_T,Thousand tonnes,PL,Poland,2008,248860,
THS_T,Thousand tonnes,PL,Poland,2009,200819,
THS_T,Thousand tonnes,PL,Poland,2010,216767,
THS_T,Thousand tonnes,PL,Poland,2011,248606,
THS_T,Thousand tonnes,PL,Poland,2012,230878,
THS_T,Thousand tonnes,PL,Poland,2013,232596,
THS_T,Thousand tonnes,PL,Poland,2014,227820,
THS_T,Thousand tonnes,PL,Poland,2015,224320,
THS_T,Thousand tonnes,PL,Poland,2016,222523,
THS_T,Thousand tonnes,PL,Poland,2017,239501,
THS_T,Thousand tonnes,PL,Poland,2018,249260,
THS_T,Thousand tonnes,PL,Poland,2019,233744,
THS_T,Thousand tonnes,PL,Poland,2020,218381,
THS_T,Thousand tonnes,PL,Poland,2021,237915,
THS_T,Thousand tonnes,PL,Poland,2022,237587,
THS_T,Thousand tonnes,PL,Poland,2023,229935,
THS_T,Thousand tonnes,PL,Poland,2024,222725,
THS_T,Thousand tonnes,PL,Poland,2025,216486,
THS_T,Thousand tonnes,PT,Portugal,2004,9559,
THS_T,Thousand tonnes,PT,Portugal,2005,9587,
THS_T,Thousand tonnes,PT,Portugal,2006,9775,
THS_T,Thousand tonnes,PT,Portugal,2007,10556,
THS_T,Thousand tonnes,PT,Portugal,2008,10426,
THS_T,Thousand tonnes,PT,Portugal,2009,8947,
THS_T,Thousand tonnes,PT,Portugal,2010,10094,
THS_T,Thousand tonnes,PT,Portugal,2011,9975,
THS_T,Thousand tonnes,PT,Portugal,2012,9701,
THS_T,Thousand tonnes,PT,Portugal,2013,9291,
THS_T,Thousand tonnes,PT,Portugal,2014,10276,
THS_T,Thousand tonnes,PT,Portugal,2015,11108,
THS_T,Thousand tonnes,PT,Portugal,2016,10259,
THS_T,Thousand tonnes,PT,Portugal,2017,10453,
THS_T,Thousand tonnes,PT,Portugal,2018,10221,
THS_T,Thousand tonnes,PT,Portugal,2019,9365,
THS_T,Thousand tonnes,PT,Portugal,2020,8426,
THS_T,Thousand tonnes,PT,Portugal,2021,9057,
THS_T,Thousand tonnes,PT,Portugal,2022,8366,
THS_T,Thousand tonnes,PT,Portugal,2023,8555,
THS_T,Thousand tonnes,PT,Portugal,2024,7858,
THS_T,Thousand tonnes,PT,Portugal,2025,8485,
THS_T,Thousand tonnes,RO,Romania,2004,72738,
THS_T,Thousand tonnes,RO,Romania,2005,69176,
THS_T,Thousand tonnes,RO,Romania,2006,68312,
THS_T,Thousand tonnes,RO,Romania,2007,68772,
THS_T,Thousand tonnes,RO,Romania,2008,66711,
THS_T,Thousand tonnes,RO,Romania,2009,50595,
THS_T,Thousand tonnes,RO,Romania,2010,52932,
THS_T,Thousand tonnes,RO,Romania,2011,60723,
THS_T,Thousand tonnes,RO,Romania,2012,55755,
THS_T,Thousand tonnes,RO,Romania,2013,50348,
THS_T,Thousand tonnes,RO,Romania,2014,50739,
THS_T,Thousand tonnes,RO,Romania,2015,55306,
THS_T,Thousand tonnes,RO,Romania,2016,52618,
THS_T,Thousand tonnes,RO,Romania,2017,56083,
THS_T,Thousand tonnes,RO,Romania,2018,55429,
THS_T,Thousand tonnes,RO,Romania,2019,58808,
THS_T,Thousand tonnes,RO,Romania,2020,49670,
THS_T,Thousand tonnes,RO,Romania,2021,57424,
THS_T,Thousand tonnes,RO,Romania,2022,55188,
THS_T,Thousand tonnes,RO,Romania,2023,48867,
THS_T,Thousand tonnes,RO,Romania,2024,43025,
THS_T,Thousand tonnes,RO,Romania,2025,40555,
THS_T,Thousand tonnes,SE,Sweden,2004,60157,
THS_T,Thousand tonnes,SE,Sweden,2005,63198,
THS_T,Thousand tonnes,SE,Sweden,2006,64944,
THS_T,Thousand tonnes,SE,Sweden,2007,67809,
THS_T,Thousand tonnes,SE,Sweden,2008,65632,
THS_T,Thousand tonnes,SE,Sweden,2009,56466,
THS_T,Thousand tonnes,SE,Sweden,2010,68329,
THS_T,Thousand tonnes,SE,Sweden,2011,67907,
THS_T,Thousand tonnes,SE,Sweden,2012,65789,
THS_T,Thousand tonnes,SE,Sweden,2013,67047,
THS_T,Thousand tonnes,SE,Sweden,2014,68035,
THS_T,Thousand tonnes,SE,Sweden,2015,64999,
THS_T,Thousand tonnes,SE,Sweden,2016,67479,
THS_T,Thousand tonnes,SE,Sweden,2017,69350,
THS_T,Thousand tonnes,SE,Sweden,2018,69123,
THS_T,Thousand tonnes,SE,Sweden,2019,68220,
THS_T,Thousand tonnes,SE,Sweden,2020,69805,
THS_T,Thousand tonnes,SE,Sweden,2021,72458,
THS_T,Thousand tonnes,SE,Sweden,2022,70942,
THS_T,Thousand tonnes,SE,Sweden,2023,68293,
THS_T,Thousand tonnes,SE,Sweden,2024,65906,
THS_T,Thousand tonnes,SE,Sweden,2025,70140,
THS_T,Thousand tonnes,SI,Slovenia,2004,16193,
THS_T,Thousand tonnes,SI,Slovenia,2005,16344,
THS_T,Thousand tonnes,SI,Slovenia,2006,17052,
THS_T,Thousand tonnes,SI,Slovenia,2007,17575,
THS_T,Thousand tonnes,SI,Slovenia,2008,17271,
THS_T,Thousand tonnes,SI,Slovenia,2009,13774,
THS_T,Thousand tonnes,SI,Slovenia,2010,16234,
THS_T,Thousand tonnes,SI,Slovenia,2011,17024,
THS_T,Thousand tonnes,SI,Slovenia,2012,15828,
THS_T,Thousand tonnes,SI,Slovenia,2013,17156,
THS_T,Thousand tonnes,SI,Slovenia,2014,17989,
THS_T,Thousand tonnes,SI,Slovenia,2015,17832,
THS_T,Thousand tonnes,SI,Slovenia,2016,18595,
THS_T,Thousand tonnes,SI,Slovenia,2017,21275,
THS_T,Thousand tonnes,SI,Slovenia,2018,21316,
THS_T,Thousand tonnes,SI,Slovenia,2019,21902,
THS_T,Thousand tonnes,SI,Slovenia,2020,19398,
THS_T,Thousand tonnes,SI,Slovenia,2021,20339,
THS_T,Thousand tonnes,SI,Slovenia,2022,20459,
THS_T,Thousand tonnes,SI,Slovenia,2023,19160,
THS_T,Thousand tonnes,SI,Slovenia,2024,18441,
THS_T,Thousand tonnes,SI,Slovenia,2025,17254,
THS_T,Thousand tonnes,SK,Slovakia,2004,50445,
THS_T,Thousand tonnes,SK,Slovakia,2005,49310,
THS_T,Thousand tonnes,SK,Slovakia,2006,52449,
THS_T,Thousand tonnes,SK,Slovakia,2007,51813,
THS_T,Thousand tonnes,SK,Slovakia,2008,47910,
THS_T,Thousand tonnes,SK,Slovakia,2009,37603,
THS_T,Thousand tonnes,SK,Slovakia,2010,44327,
THS_T,Thousand tonnes,SK,Slovakia,2011,43711,
THS_T,Thousand tonnes,SK,Slovakia,2012,42599,
THS_T,Thousand tonnes,SK,Slovakia,2013,48401,
THS_T,Thousand tonnes,SK,Slovakia,2014,50997,
THS_T,Thousand tonnes,SK,Slovakia,2015,47358,
THS_T,Thousand tonnes,SK,Slovakia,2016,47548,
THS_T,Thousand tonnes,SK,Slovakia,2017,47760,
THS_T,Thousand tonnes,SK,Slovakia,2018,49642,
THS_T,Thousand tonnes,SK,Slovakia,2019,46413,
THS_T,Thousand tonnes,SK,Slovakia,2020,41572,
THS_T,Thousand tonnes,SK,Slovakia,2021,49944,
THS_T,Thousand tonnes,SK,Slovakia,2022,46712,
THS_T,Thousand tonnes,SK,Slovakia,2023,44304,
THS_T,Thousand tonnes,SK,Slovakia,2024,44282,
THS_T,Thousand tonnes,SK,Slovakia,2025,42759,
THS_T,Thousand tonnes,TR,Türkiye,2004,17708,
THS_T,Thousand tonnes,TR,Türkiye,2005,18946,
THS_T,Thousand tonnes,TR,Türkiye,2006,19745,
THS_T,Thousand tonnes,TR,Türkiye,2007,20849,
THS_T,Thousand tonnes,TR,Türkiye,2008,22870,
THS_T,Thousand tonnes,TR,Türkiye,2009,21270,
THS_T,Thousand tonnes,TR,Türkiye,2010,23816,
THS_T,Thousand tonnes,TR,Türkiye,2011,24753,
THS_T,Thousand tonnes,TR,Türkiye,2012,24887,
THS_T,Thousand tonnes,TR,Türkiye,2013,25053,
THS_T,Thousand tonnes,TR,Türkiye,2014,26764,
THS_T,Thousand tonnes,TR,Türkiye,2015,24286,
THS_T,Thousand tonnes,TR,Türkiye,2016,24546,
THS_T,Thousand tonnes,TR,Türkiye,2017,28287,
THS_T,Thousand tonnes,TR,Türkiye,2018,28484,
THS_T,Thousand tonnes,TR,Türkiye,2019,33285,
THS_T,Thousand tonnes,TR,Türkiye,2020,34374,
THS_T,Thousand tonnes,TR,Türkiye,2021,38155,
THS_T,Thousand tonnes,TR,Türkiye,2022,38670,
THS_T,Thousand tonnes,TR,Türkiye,2023,32195,
THS_T,Thousand tonnes,TR,Türkiye,2024,31669,
THS_T,Thousand tonnes,UA,Ukraine,2020,305480,
THS_T,Thousand tonnes,UA,Ukraine,2021,314333,
THS_T,Thousand tonnes,UA,Ukraine,2022,150582,
THS_T,Thousand tonnes,UA,Ukraine,2023,148392,
THS_T,Thousand tonnes,UA,Ukraine,2024,174930,
THS_T,Thousand tonnes,UA,Ukraine,2025,161305,
THS_T,Thousand tonnes,UK,United Kingdom,2004,118561,
THS_T,Thousand tonnes,UK,United Kingdom,2005,103263,
THS_T,Thousand tonnes,UK,United Kingdom,2006,109194,
THS_T,Thousand tonnes,UK,United Kingdom,2007,104383,
THS_T,Thousand tonnes,UK,United Kingdom,2008,103180,
THS_T,Thousand tonnes,UK,United Kingdom,2009,87666,
THS_T,Thousand tonnes,UK,United Kingdom,2010,89241,
THS_T,Thousand tonnes,UK,United Kingdom,2011,100364,
THS_T,Thousand tonnes,UK,United Kingdom,2012,115225,
THS_T,Thousand tonnes,UK,United Kingdom,2013,117769,
THS_T,Thousand tonnes,UK,United Kingdom,2014,108531,
THS_T,Thousand tonnes,UK,United Kingdom,2015,96821,
THS_T,Thousand tonnes,UK,United Kingdom,2016,78549,
THS_T,Thousand tonnes,UK,United Kingdom,2017,76393,
THS_T,Thousand tonnes,UK,United Kingdom,2018,75399,
THS_T,Thousand tonnes,UK,United Kingdom,2019,71053,
